Market_and_Exchange_Names,As_of_Date_In_Form_YYMMDD,As_of_Date_Form_MM/DD/YYYY,CFTC_Contract_Market_Code,CFTC_Market_Code,CFTC_Region_Code,CFTC_Commodity_Code,Open_Interest_All,Prod_Merc_Positions_Long_All,Prod_Merc_Positions_Short_All,Swap_Positions_Long_All,Swap__Positions_Short_All,Swap__Positions_Spread_All,M_Money_Positions_Long_All,M_Money_Positions_Short_All,M_Money_Positions_Spread_All,Other_Rept_Positions_Long_All,Other_Rept_Positions_Short_All,Other_Rept_Positions_Spread_All,Tot_Rept_Positions_Long_All,Tot_Rept_Positions_Short_All,NonRept_Positions_Long_All,NonRept_Positions_Short_All,Open_Interest_Old,Prod_Merc_Positions_Long_Old,Prod_Merc_Positions_Short_Old,Swap_Positions_Long_Old,Swap__Positions_Short_Old,Swap__Positions_Spread_Old,M_Money_Positions_Long_Old,M_Money_Positions_Short_Old,M_Money_Positions_Spread_Old,Other_Rept_Positions_Long_Old,Other_Rept_Positions_Short_Old,Other_Rept_Positions_Spread_Old,Tot_Rept_Positions_Long_Old,Tot_Rept_Positions_Short_Old,NonRept_Positions_Long_Old,NonRept_Positions_Short_Old,Open_Interest_Other,Prod_Merc_Positions_Long_Other,Prod_Merc_Positions_Short_Other,Swap_Positions_Long_Other,Swap__Positions_Short_Other,Swap__Positions_Spread_Other,M_Money_Positions_Long_Other,M_Money_Positions_Short_Other,M_Money_Positions_Spread_Other,Other_Rept_Positions_Long_Other,Other_Rept_Positions_Short_Other,Other_Rept_Positions_Spread_Other,Tot_Rept_Positions_Long_Other,Tot_Rept_Positions_Short_Other,NonRept_Positions_Long_Other,NonRept_Positions_Short_Other,Change_in_Open_Interest_All,Change_in_Prod_Merc_Long_All,Change_in_Prod_Merc_Short_All,Change_in_Swap_Long_All,Change_in_Swap_Short_All,Change_in_Swap_Spread_All,Change_in_M_Money_Long_All,Change_in_M_Money_Short_All,Change_in_M_Money_Spread_All,Change_in_Other_Rept_Long_All,Change_in_Other_Rept_Short_All,Change_in_Other_Rept_Spread_All,Change_in_Tot_Rept_Long_All,Change_in_Tot_Rept_Short_All,Change_in_NonRept_Long_All,Change_in_NonRept_Short_All,Pct_of_Open_Interest_All,Pct_of_OI_Prod_Merc_Long_All,Pct_of_OI_Prod_Merc_Short_All,Pct_of_OI_Swap_Long_All,Pct_of_OI_Swap_Short_All,Pct_of_OI_Swap_Spread_All,Pct_of_OI_M_Money_Long_All,Pct_of_OI_M_Money_Short_All,Pct_of_OI_M_Money_Spread_All,Pct_of_OI_Other_Rept_Long_All,Pct_of_OI_Other_Rept_Short_All,Pct_of_OI_Other_Rept_Spread_All,Pct_of_OI_Tot_Rept_Long_All,Pct_of_OI_Tot_Rept_Short_All,Pct_of_OI_NonRept_Long_All,Pct_of_OI_NonRept_Short_All,Pct_of_Open_Interest_Old,Pct_of_OI_Prod_Merc_Long_Old,Pct_of_OI_Prod_Merc_Short_Old,Pct_of_OI_Swap_Long_Old,Pct_of_OI_Swap_Short_Old,Pct_of_OI_Swap_Spread_Old,Pct_of_OI_M_Money_Long_Old,Pct_of_OI_M_Money_Short_Old,Pct_of_OI_M_Money_Spread_Old,Pct_of_OI_Other_Rept_Long_Old,Pct_of_OI_Other_Rept_Short_Old,Pct_of_OI_Other_Rept_Spread_Old,Pct_of_OI_Tot_Rept_Long_Old,Pct_of_OI_Tot_Rept_Short_Old,Pct_of_OI_NonRept_Long_Old,Pct_of_OI_NonRept_Short_Old,Pct_of_Open_Interest_Other,Pct_of_OI_Prod_Merc_Long_Other,Pct_of_OI_Prod_Merc_Short_Other,Pct_of_OI_Swap_Long_Other,Pct_of_OI_Swap_Short_Other,Pct_of_OI_Swap_Spread_Other,Pct_of_OI_M_Money_Long_Other,Pct_of_OI_M_Money_Short_Other,Pct_of_OI_M_Money_Spread_Other,Pct_of_OI_Other_Rept_Long_Other,Pct_of_OI_Other_Rept_Short_Other,Pct_of_OI_Other_Rept_Spread_Other,Pct_of_OI_Tot_Rept_Long_Other,Pct_of_OI_Tot_Rept_Short_Other,Pct_of_OI_NonRept_Long_Other,Pct_of_OI_NonRept_Short_Other,Traders_Tot_All,Traders_Prod_Merc_Long_All,Traders_Prod_Merc_Short_All,Traders_Swap_Long_All,Traders_Swap_Short_All,Traders_Swap_Spread_All,Traders_M_Money_Long_All,Traders_M_Money_Short_All,Traders_M_Money_Spread_All,Traders_Other_Rept_Long_All,Traders_Other_Rept_Short_All,Traders_Other_Rept_Spread_All,Traders_Tot_Rept_Long_All,Traders_Tot_Rept_Short_All,Traders_Tot_Old,Traders_Prod_Merc_Long_Old,Traders_Prod_Merc_Short_Old,Traders_Swap_Long_Old,Traders_Swap_Short_Old,Traders_Swap_Spread_Old,Traders_M_Money_Long_Old,Traders_M_Money_Short_Old,Traders_M_Money_Spread_Old,Traders_Other_Rept_Long_Old,Traders_Other_Rept_Short_Old,Traders_Other_Rept_Spread_Old,Traders_Tot_Rept_Long_Old,Traders_Tot_Rept_Short_Old,Traders_Tot_Other,Traders_Prod_Merc_Long_Other,Traders_Prod_Merc_Short_Other,Traders_Swap_Long_Other,Traders_Swap_Short_Other,Traders_Swap_Spread_Other,Traders_M_Money_Long_Other,Traders_M_Money_Short_Other,Traders_M_Money_Spread_Other,Traders_Other_Rept_Long_Other,Traders_Other_Rept_Short_Other,Traders_Other_Rept_Spread_Other,Traders_Tot_Rept_Long_Other,Traders_Tot_Rept_Short_Other,Conc_Gross_LE_4_TDR_Long_All,Conc_Gross_LE_4_TDR_Short_All,Conc_Gross_LE_8_TDR_Long_All,Conc_Gross_LE_8_TDR_Short_All,Conc_Net_LE_4_TDR_Long_All,Conc_Net_LE_4_TDR_Short_All,Conc_Net_LE_8_TDR_Long_All,Conc_Net_LE_8_TDR_Short_All,Conc_Gross_LE_4_TDR_Long_Old,Conc_Gross_LE_4_TDR_Short_Old,Conc_Gross_LE_8_TDR_Long_Old,Conc_Gross_LE_8_TDR_Short_Old,Conc_Net_LE_4_TDR_Long_Old,Conc_Net_LE_4_TDR_Short_Old,Conc_Net_LE_8_TDR_Long_Old,Conc_Net_LE_8_TDR_Short_Old,Conc_Gross_LE_4_TDR_Long_Other,Conc_Gross_LE_4_TDR_Short_Other,Conc_Gross_LE_8_TDR_Long_Other,Conc_Gross_LE_8_TDR_Short_Other,Conc_Net_LE_4_TDR_Long_Other,Conc_Net_LE_4_TDR_Short_Other,Conc_Net_LE_8_TDR_Long_Other,Conc_Net_LE_8_TDR_Short_Other,Contract_Units,CFTC_Contract_Market_Code_Quotes,CFTC_Market_Code_Quotes,CFTC_Commodity_Code_Quotes,CFTC_SubGroup_Code,FutOnly_or_Combined
ICE Gasoil Futures - ICE Futures Europe,180102,01/02/2018,,ICEU,1,G,888702,274335,482412,177410,35913,41131,195873,12141,91044,15396,141869,60420, , ,33093,23772,886149,283393,482139,176834,36980,37974,191627,16069,87753,14039,141278,59145, , ,35384,24811, , , , , , , , , , , , , , , , , , , , , , , , , , , , , , , , ,100,30.9,54.3,20,4,4.6,22,1.4,10.2,1.7,16,6.8, , ,3.7,2.7,100,32,54.4,20,4.2,4.3,21.6,1.8,9.9,1.6,15.9,6.7, , ,3.993007948,2.799867742, , , , , , , , , , , , , , , , ,290,88,110,36,9,28,76,10,46,17,17,29, , ,297,91,110,38,7,28,81,11,46,16,18,30, , , , , , , , , , , , , , , , ,15.3,26.6,26,40.5,10.7,20.6,18.1,27.9, , , , , , , , , , , , , , , , ,(CONTRACTS OF 100 METRIC TONNES),,,,,FutOnly
ICE Gasoil Futures and Options - ICE Futures Europe,180102,01/02/2018,,ICEU,1,G,902051,278507,487063,177813,35626,46991,196555,12141,91044,14144,141642,63720, , ,33277,23824,899618,287608,486821,177244,36690,43879,192305,16069,87753,12737,141013,62526, , ,35565,24865, , , , , , , , , , , , , , , , , , , , , , , , , , , , , , , , ,100,30.9,54,19.7,3.9,5.2,21.8,1.3,10.1,1.6,15.7,7.1, , ,3.7,2.6,100,32,54.1,19.7,4.1,4.9,21.4,1.8,9.8,1.4,15.7,7, , ,3.953389994,2.763996819, , , , , , , , , , , , , , , , ,290,88,110,36,9,29,77,10,46,16,18,29, , ,297,91,110,38,7,29,82,11,46,15,19,30, , , , , , , , , , , , , , , , ,15.3,26.4,26.1,40.2,10.6,20.3,17.9,27.6, , , , , , , , , , , , , , , , ,(CONTRACTS OF 100 METRIC TONNES),,,,,Combined
ICE Brent Crude Futures - ICE Futures Europe,180102,01/02/2018,,ICEU,1,B,2337981,515349,1313354,394862,38544,200815,617628,56738,246204,109318,235096,205932, , ,47873,41298,2400311,562379,1351873,387209,36242,206665,610681,54062,256826,112061,228571,210577, , ,53913,55495, , , , , , , , , , , , , , , , , , , , , , , , , , , , , , , , ,100,22,56.2,16.9,1.6,8.6,26.4,2.4,10.5,4.7,10.1,8.8, , ,2,1.8,100,23.4,56.3,16.1,1.5,8.6,25.4,2.3,10.7,4.7,9.5,8.8, , ,2.246083945,2.311992071, , , , , , , , , , , , , , , , ,452,105,143,49,24,55,105,30,64,29,44,59, , ,450,116,150,49,22,54,102,32,67,30,41,56, , , , , , , , , , , , , , , , ,16.3,16.8,28.2,27.6,15.1,15.8,24.3,22.8, , , , , , , , , , , , , , , , ,"(CONTRACTS OF 1,000 BARRELS)",,,,,FutOnly
ICE Brent Crude Futures and Options - ICE Futures Europe,180102,01/02/2018,,ICEU,1,B,2846075,602680,1428268,427589,39637,403792,626515,61056,291578,102950,237599,339399, , ,51571,44746,2899187,648564,1465593,419835,36390,407538,622607,61323,297880,104474,231023,340726, , ,57563,58714, , , , , , , , , , , , , , , , , , , , , , , , , , , , , , , , ,100,21.2,50.2,15,1.4,14.2,22,2.1,10.2,3.6,8.3,11.9, , ,1.8,1.6,100,22.4,50.6,14.5,1.3,14.1,21.5,2.1,10.3,3.6,8,11.8, , ,1.985486356,2.025195157, , , , , , , , , , , , , , , , ,452,108,145,48,26,61,103,34,69,27,49,62, , ,450,117,150,48,23,59,102,33,71,28,46,59, , , , , , , , , , , , , , , , ,15.6,15.3,26.2,25.2,12.1,13.7,20.3,19.4, , , , , , , , , , , , , , , , ,"(CONTRACTS OF 1,000 BARRELS)",,,,,Combined
ICE White Sugar Futures - ICE Futures Europe,180102,01/02/2018,,ICEU,2,W,81221,41359,49398,8895,7090,2000,15533,12877,4072,4553,1212,1264, , ,3545,3308,82918,44518,46854,8118,7250,2130,14383,16494,3700,4874,1121,1251, , ,3944,4118, , , , , , , , , , , , , , , , , , , , , , , , , , , , , , , , ,100,50.9,60.8,11,8.7,2.5,19.1,15.9,5,5.6,1.5,1.6, , ,4.4,4.1,100,53.7,56.5,9.8,8.7,2.6,17.3,19.9,4.5,5.9,1.4,1.5, , ,4.756506428,4.9663523, , , , , , , , , , , , , , , , ,134,49,47,8,9,7,27,14,14,6,6,8, , ,130,46,46,9,8,6,19,19,9,8,6,7, , , , , , , , , , , , , , , , ,#VALUE!,#VALUE!,#VALUE!,#VALUE!,#VALUE!,#VALUE!,#VALUE!,#VALUE!, , , , , , , , , , , , , , , , ,(CONTRACTS OF 50 TONNES),,,,,FutOnly
ICE White Sugar Futures and Options- ICE Futures Europe,180102,01/02/2018,,ICEU,3,W,82429,41543,50432,8895,6801,2365,15775,12877,4073,4640,1012,1560, , ,3578,3310,83948,44865,47548,8118,7103,2384,14521,16494,3709,4781,976,1605, , ,3966,4130, , , , , , , , , , , , , , , , , , , , , , , , , , , , , , , , ,100,50.4,61.2,10.8,8.3,2.9,19.1,15.6,4.9,5.6,1.2,1.9, , ,4.3,4,100,53.4,56.6,9.7,8.5,2.8,17.3,19.6,4.4,5.7,1.2,1.9, , ,4.724875739,4.919499803, , , , , , , , , , , , , , , , ,134,49,47,8,9,7,27,14,14,7,5,9, , ,130,46,46,9,8,6,19,19,9,9,5,8, , , , , , , , , , , , , , , , ,#VALUE!,#VALUE!,#VALUE!,#VALUE!,#VALUE!,#VALUE!,#VALUE!,#VALUE!, , , , , , , , , , , , , , , , ,(CONTRACTS OF 50 TONNES),,,,,Combined
ICE Cocoa Futures - ICE Futures Europe,180102,01/02/2018,,ICEU,4,Cocoa,286844,200766,156285,24086,18585,9005,13792,73127,13709,11627,1072,11182, , ,2677,3879,281393,196703,155179,23769,18770,8708,15055,71024,12599,11410,770,10459, , ,2690,3884, , , , , , , , , , , , , , , , , , , , , , , , , , , , , , , , ,100,70,54.5,8.4,6.5,3.1,4.8,25.5,4.8,4.1,0.4,3.9, , ,0.9,1.4,100,69.9,55.1,8.4,6.7,3.1,5.4,25.2,4.5,4.1,0.3,3.7, , ,0.955958393,1.380275984, , , , , , , , , , , , , , , , ,166,52,40,13,10,8,20,38,16,16,4,14, , ,165,51,39,14,10,7,19,38,15,17,4,14, , , , , , , , , , , , , , , , ,#VALUE!,#VALUE!,#VALUE!,#VALUE!,#VALUE!,#VALUE!,#VALUE!,#VALUE!, , , , , , , , , , , , , , , , ,(CONTRACTS OF 10 TONNES),,,,,FutOnly
ICE Cocoa Futures and Options - ICE Futures Europe,180102,01/02/2018,,ICEU,5,Cocoa,339162,229560,172337,18683,17800,20188,11465,72775,24584,5384,1050,26484, , ,2814,3945,332485,224361,170695,18866,18558,19368,13131,70652,23168,5312,644,25452, , ,2827,3947, , , , , , , , , , , , , , , , , , , , , , , , , , , , , , , , ,100,67.7,50.8,5.5,5.2,6,3.4,21.5,7.2,1.6,0.3,7.8, , ,0.8,1.2,100,67.5,51.3,5.7,5.6,5.8,3.9,21.2,7,1.6,0.2,7.7, , ,0.850245474,1.187102249, , , , , , , , , , , , , , , , ,166,52,41,16,7,11,21,37,17,12,8,17, , ,165,51,40,16,8,11,19,38,16,14,6,16, , , , , , , , , , , , , , , , ,#VALUE!,#VALUE!,#VALUE!,#VALUE!,#VALUE!,#VALUE!,#VALUE!,#VALUE!, , , , , , , , , , , , , , , , ,(CONTRACTS OF 10 TONNES),,,,,Combined
ICE Robusta Coffee Futures - ICE Futures Europe,180102,01/02/2018,,ICEU,6,RC,111298,75003,47234,7742,8236,864,9887,38637,5341,3042,2252,4772, , ,4647,3962,115697,75647,47869,7661,8084,693,10492,37173,8057,2605,3772,5424, , ,5118,4625, , , , , , , , , , , , , , , , , , , , , , , , , , , , , , , , ,100,67.4,42.4,7,7.4,0.8,8.9,34.7,4.8,2.7,2,4.3, , ,4.2,3.6,100,65.4,41.4,6.6,7,0.6,9.1,32.1,7,2.3,3.3,4.7, , ,4.423623776,3.997510739, , , , , , , , , , , , , , , , ,161,56,44,12,7,8,14,41,12,11,6,8, , ,162,51,45,13,8,9,14,42,13,11,7,9, , , , , , , , , , , , , , , , ,#VALUE!,#VALUE!,#VALUE!,#VALUE!,#VALUE!,#VALUE!,#VALUE!,#VALUE!, , , , , , , , , , , , , , , , ,(CONTRACTS OF 10 TONNES),,,,,FutOnly
ICE Robusta Coffee Futures and Options - ICE Futures Europe,180102,01/02/2018,,ICEU,7,RC,135124,83488,57386,6531,6919,5233,9777,36665,9040,2298,1880,13908, , ,4849,4093,139753,83873,57449,6694,7068,4804,9977,35511,12262,2131,3239,14675, , ,5337,4744, , , , , , , , , , , , , , , , , , , , , , , , , , , , , , , , ,100,61.8,42.5,4.8,5.1,3.9,7.2,27.1,6.7,1.7,1.4,10.3, , ,3.6,3,100,60,41.1,4.8,5.1,3.4,7.1,25.4,8.8,1.5,2.3,10.5, , ,3.81893543,3.394488618, , , , , , , , , , , , , , , , ,161,57,45,11,9,10,15,40,13,10,7,14, , ,162,52,45,12,10,10,14,42,14,9,9,14, , , , , , , , , , , , , , , , ,#VALUE!,#VALUE!,#VALUE!,#VALUE!,#VALUE!,#VALUE!,#VALUE!,#VALUE!, , , , , , , , , , , , , , , , ,(CONTRACTS OF 10 TONNES),,,,,Combined
ICE Wheat Futures - ICE Futures Europe,180102,01/02/2018,,ICEU,8,Wheat,10327,9326,7038,0,1590,0,0,274,0,185,542,66, , ,750,817,10520,9526,7123,0,1640,0,0,268,0,185,585,66, , ,743,838, , , , , , , , , , , , , , , , , , , , , , , , , , , , , , , , ,100,90.3,68.2,0,15.4,0,0,2.7,0,1.8,5.2,0.6, , ,7.3,7.9,100,90.6,67.7,0,15.6,0,0,2.5,0,1.8,5.6,0.6, , ,7.062737643,7.965779468, , , , , , , , , , , , , , , , ,29,17,12,0,2,0,0,1,0,1,1,1, , ,29,18,13,0,2,0,0,1,0,1,1,1, , , , , , , , , , , , , , , , ,#VALUE!,#VALUE!,#VALUE!,#VALUE!,#VALUE!,#VALUE!,#VALUE!,#VALUE!, , , , , , , , , , , , , , , , ,(CONTRACTS OF 100 TONNES),,,,,FutOnly
ICE Wheat Futures and Options - ICE Futures Europe,180102,01/02/2018,,ICEU,9,Wheat,10462,9408,7126,0,1590,0,0,274,0,185,542,66, , ,802,864,10662,9614,7216,0,1640,0,0,268,0,185,584,67, , ,797,887, , , , , , , , , , , , , , , , , , , , , , , , , , , , , , , , ,100,89.9,68.1,0,15.2,0,0,2.6,0,1.8,5.2,0.6, , ,7.7,8.3,100,90.2,67.7,0,15.4,0,0,2.5,0,1.7,5.5,0.6, , ,7.473010627,8.317068505, , , , , , , , , , , , , , , , ,29,19,13,0,2,0,0,1,0,1,1,1, , ,29,20,13,0,2,0,0,1,0,1,1,1, , , , , , , , , , , , , , , , ,#VALUE!,#VALUE!,#VALUE!,#VALUE!,#VALUE!,#VALUE!,#VALUE!,#VALUE!, , , , , , , , , , , , , , , , ,(CONTRACTS OF 100 TONNES),,,,,Combined
ICE Gasoil Futures - ICE Futures Europe,180109,01/09/2018,,ICEU,1,G,893689,290520,484872,175593,44917,39893,195445,13474,83663,13758,143033,60970, , ,33847,22867,888702,274335,482412,177410,35913,41131,195873,12141,91044,15396,141869,60420, , ,33093,23772, , , , , , , , , , , , , , , , , , , , , , , , , , , , , , , , ,100,32.5,54.3,19.6,5,4.5,21.9,1.5,9.4,1.5,16,6.8, , ,3.8,2.6,100,30.9,54.3,20,4,4.6,22,1.4,10.2,1.7,16,6.8, , ,3.723745417,2.6749124, , , , , , , , , , , , , , , , ,292,93,114,36,10,29,74,13,44,16,16,29, , ,290,88,110,36,9,28,76,10,46,17,17,29, , , , , , , , , , , , , , , , ,15.6,27,25.7,40.8,10.7,22,17.8,28.5, , , , , , , , , , , , , , , , ,(CONTRACTS OF 100 METRIC TONNES),,,,,FutOnly
ICE Gasoil Futures and Options - ICE Futures Europe,180109,01/09/2018,,ICEU,1,G,907469,295149,489928,176631,44639,45741,195445,13474,83663,12424,142630,64469, , ,33947,22924,902051,278507,487063,177813,35626,46991,196555,12141,91044,14144,141642,63720, , ,33277,23824, , , , , , , , , , , , , , , , , , , , , , , , , , , , , , , , ,100,32.5,54,19.5,4.9,5,21.5,1.5,9.2,1.4,15.7,7.1, , ,3.7,2.5,100,30.9,54,19.7,3.9,5.2,21.8,1.3,10.1,1.6,15.7,7.1, , ,3.689008846,2.641058971, , , , , , , , , , , , , , , , ,292,94,114,36,10,30,74,13,44,14,18,29, , ,290,88,110,36,9,29,77,10,46,16,18,29, , , , , , , , , , , , , , , , ,15.7,26.8,25.8,40.6,10.6,21.6,17.6,28.1, , , , , , , , , , , , , , , , ,(CONTRACTS OF 100 METRIC TONNES),,,,,Combined
ICE Brent Crude Futures - ICE Futures Europe,180109,01/09/2018,,ICEU,1,B,2411211,502246,1295828,392753,43565,207686,629610,61758,279072,109997,242937,237503, , ,52344,42862,2337981,515349,1313354,394862,38544,200815,617628,56738,246204,109318,235096,205932, , ,47873,41298, , , , , , , , , , , , , , , , , , , , , , , , , , , , , , , , ,100,20.8,53.7,16.3,1.8,8.6,26.1,2.6,11.6,4.6,10.1,9.8, , ,2.2,1.8,100,22,56.2,16.9,1.6,8.6,26.4,2.4,10.5,4.7,10.1,8.8, , ,2.047621431,1.766395877, , , , , , , , , , , , , , , , ,454,113,145,44,26,57,100,31,64,30,46,62, , ,452,105,143,49,24,55,105,30,64,29,44,59, , , , , , , , , , , , , , , , ,16.3,15.7,28.1,26.6,14.7,14.6,23.7,21.4, , , , , , , , , , , , , , , , ,"(CONTRACTS OF 1,000 BARRELS)",,,,,FutOnly
ICE Brent Crude Futures and Options - ICE Futures Europe,180109,01/09/2018,,ICEU,1,B,2973215,599951,1422878,424170,41988,428728,641958,67806,331125,104628,247449,386097, , ,56557,47143,2846075,602680,1428268,427589,39637,403792,626515,61056,291578,102950,237599,339399, , ,51571,44746, , , , , , , , , , , , , , , , , , , , , , , , , , , , , , , , ,100,20.2,47.9,14.3,1.4,14.4,21.6,2.3,11.1,3.5,8.3,13, , ,1.9,1.6,100,21.2,50.2,15,1.4,14.2,22,2.1,10.2,3.6,8.3,11.9, , ,1.812015559,1.572185186, , , , , , , , , , , , , , , , ,454,116,149,46,26,63,101,32,68,28,50,65, , ,452,108,145,48,26,61,103,34,69,27,49,62, , , , , , , , , , , , , , , , ,15.6,14.7,25.8,24.4,11.7,12.7,19.6,18.1, , , , , , , , , , , , , , , , ,"(CONTRACTS OF 1,000 BARRELS)",,,,,Combined
ICE White Sugar Futures - ICE Futures Europe,180109,01/09/2018,,ICEU,2,W,83548,41067,54495,9725,6996,1972,16644,8956,4557,4232,1372,1625, , ,3726,3575,81221,41359,49398,8895,7090,2000,15533,12877,4072,4553,1212,1264, , ,3545,3308, , , , , , , , , , , , , , , , , , , , , , , , , , , , , , , , ,100,49.2,65.2,11.6,8.4,2.4,19.9,10.7,5.5,5.1,1.6,1.9, , ,4.5,4.3,100,50.9,60.8,11,8.7,2.5,19.1,15.9,5,5.6,1.5,1.6, , ,4.364634762,4.072838305, , , , , , , , , , , , , , , , ,136,47,51,9,8,6,22,18,14,5,7,9, , ,134,49,47,8,9,7,27,14,14,6,6,8, , , , , , , , , , , , , , , , ,#VALUE!,#VALUE!,#VALUE!,#VALUE!,#VALUE!,#VALUE!,#VALUE!,#VALUE!, , , , , , , , , , , , , , , , ,(CONTRACTS OF 50 TONNES),,,,,FutOnly
ICE White Sugar Futures and Options- ICE Futures Europe,180109,01/09/2018,,ICEU,3,W,84515,41292,55247,9725,6784,2265,16793,8956,4558,4246,1242,1885, , ,3751,3579,82429,41543,50432,8895,6801,2365,15775,12877,4073,4640,1012,1560, , ,3578,3310, , , , , , , , , , , , , , , , , , , , , , , , , , , , , , , , ,100,48.9,65.4,11.5,8,2.7,19.9,10.6,5.4,5,1.5,2.2, , ,4.4,4.2,100,50.4,61.2,10.8,8.3,2.9,19.1,15.6,4.9,5.6,1.2,1.9, , ,4.340668193,4.015270287, , , , , , , , , , , , , , , , ,136,47,51,9,8,6,22,18,14,6,6,10, , ,134,49,47,8,9,7,27,14,14,7,5,9, , , , , , , , , , , , , , , , ,#VALUE!,#VALUE!,#VALUE!,#VALUE!,#VALUE!,#VALUE!,#VALUE!,#VALUE!, , , , , , , , , , , , , , , , ,(CONTRACTS OF 50 TONNES),,,,,Combined
ICE Cocoa Futures - ICE Futures Europe,180109,01/09/2018,,ICEU,4,Cocoa,291684,202640,156570,23038,19112,9058,14262,74387,15964,12197,1538,11404, , ,3121,3651,286844,200766,156285,24086,18585,9005,13792,73127,13709,11627,1072,11182, , ,2677,3879, , , , , , , , , , , , , , , , , , , , , , , , , , , , , , , , ,100,69.5,53.7,7.9,6.6,3.1,4.9,25.5,5.5,4.2,0.5,3.9, , ,1.1,1.3,100,70,54.5,8.4,6.5,3.1,4.8,25.5,4.8,4.1,0.4,3.9, , ,0.93325989,1.352302994, , , , , , , , , , , , , , , , ,167,53,42,13,11,8,18,40,15,16,3,12, , ,166,52,40,13,10,8,20,38,16,16,4,14, , , , , , , , , , , , , , , , ,#VALUE!,#VALUE!,#VALUE!,#VALUE!,#VALUE!,#VALUE!,#VALUE!,#VALUE!, , , , , , , , , , , , , , , , ,(CONTRACTS OF 10 TONNES),,,,,FutOnly
ICE Cocoa Futures and Options - ICE Futures Europe,180109,01/09/2018,,ICEU,5,Cocoa,348283,232698,173642,19072,18384,19970,11058,73628,28517,4914,1628,28779, , ,3276,3734,339162,229560,172337,18683,17800,20188,11465,72775,24584,5384,1050,26484, , ,2814,3945, , , , , , , , , , , , , , , , , , , , , , , , , , , , , , , , ,100,66.8,49.9,5.5,5.3,5.7,3.2,21.1,8.2,1.4,0.5,8.3, , ,0.9,1.1,100,67.7,50.8,5.5,5.2,6,3.4,21.5,7.2,1.6,0.3,7.8, , ,0.829642832,1.163069246, , , , , , , , , , , , , , , , ,167,53,43,16,8,11,19,39,16,10,8,16, , ,166,52,41,16,7,11,21,37,17,12,8,17, , , , , , , , , , , , , , , , ,#VALUE!,#VALUE!,#VALUE!,#VALUE!,#VALUE!,#VALUE!,#VALUE!,#VALUE!, , , , , , , , , , , , , , , , ,(CONTRACTS OF 10 TONNES),,,,,Combined
ICE Robusta Coffee Futures - ICE Futures Europe,180109,01/09/2018,,ICEU,6,RC,117435,77507,49376,7064,8245,1173,9992,38773,7271,3261,1791,5787, , ,5380,5019,111298,75003,47234,7742,8236,864,9887,38637,5341,3042,2252,4772, , ,4647,3962, , , , , , , , , , , , , , , , , , , , , , , , , , , , , , , , ,100,66,42,6,7,1,8.5,33,6.2,2.8,1.5,4.9, , ,4.6,4.3,100,67.4,42.4,7,7.4,0.8,8.9,34.7,4.8,2.7,2,4.3, , ,4.175277184,3.559812396, , , , , , , , , , , , , , , , ,159,55,44,12,6,8,13,40,12,12,5,12, , ,161,56,44,12,7,8,14,41,12,11,6,8, , , , , , , , , , , , , , , , ,#VALUE!,#VALUE!,#VALUE!,#VALUE!,#VALUE!,#VALUE!,#VALUE!,#VALUE!, , , , , , , , , , , , , , , , ,(CONTRACTS OF 10 TONNES),,,,,FutOnly
ICE Robusta Coffee Futures and Options - ICE Futures Europe,180109,01/09/2018,,ICEU,7,RC,141750,85853,60039,5796,7042,5590,9875,36450,11256,2393,995,15373, , ,5615,5005,135124,83488,57386,6531,6919,5233,9777,36665,9040,2298,1880,13908, , ,4849,4093, , , , , , , , , , , , , , , , , , , , , , , , , , , , , , , , ,100,60.6,42.4,4.1,5,3.9,7,25.7,7.9,1.7,0.7,10.8, , ,4,3.5,100,61.8,42.5,4.8,5.1,3.9,7.2,27.1,6.7,1.7,1.4,10.3, , ,3.588920155,3.029210798, , , , , , , , , , , , , , , , ,159,57,46,12,7,10,14,39,13,11,6,17, , ,161,57,45,11,9,10,15,40,13,10,7,14, , , , , , , , , , , , , , , , ,#VALUE!,#VALUE!,#VALUE!,#VALUE!,#VALUE!,#VALUE!,#VALUE!,#VALUE!, , , , , , , , , , , , , , , , ,(CONTRACTS OF 10 TONNES),,,,,Combined
ICE Wheat Futures - ICE Futures Europe,180109,01/09/2018,,ICEU,8,Wheat,10907,9933,7118,0,2124,0,0,286,0,185,568,47, , ,742,764,10327,9326,7038,0,1590,0,0,274,0,185,542,66, , ,750,817, , , , , , , , , , , , , , , , , , , , , , , , , , , , , , , , ,100,91.1,65.3,0,19.5,0,0,2.6,0,1.7,5.2,0.4, , ,6.8,7,100,90.3,68.2,0,15.4,0,0,2.7,0,1.8,5.2,0.6, , ,7.262515735,7.911300474, , , , , , , , , , , , , , , , ,31,19,13,0,3,0,0,1,0,1,1,1, , ,29,17,12,0,2,0,0,1,0,1,1,1, , , , , , , , , , , , , , , , ,#VALUE!,#VALUE!,#VALUE!,#VALUE!,#VALUE!,#VALUE!,#VALUE!,#VALUE!, , , , , , , , , , , , , , , , ,(CONTRACTS OF 100 TONNES),,,,,FutOnly
ICE Wheat Futures and Options - ICE Futures Europe,180109,01/09/2018,,ICEU,9,Wheat,11068,10023,7230,0,2124,0,0,286,0,185,567,48, , ,812,813,10462,9408,7126,0,1590,0,0,274,0,185,542,66, , ,802,864, , , , , , , , , , , , , , , , , , , , , , , , , , , , , , , , ,100,90.6,65.3,0,19.2,0,0,2.6,0,1.7,5.1,0.4, , ,7.3,7.3,100,89.9,68.1,0,15.2,0,0,2.6,0,1.8,5.2,0.6, , ,7.669789027,8.262043615, , , , , , , , , , , , , , , , ,31,21,14,0,3,0,0,1,0,1,1,1, , ,29,19,13,0,2,0,0,1,0,1,1,1, , , , , , , , , , , , , , , , ,#VALUE!,#VALUE!,#VALUE!,#VALUE!,#VALUE!,#VALUE!,#VALUE!,#VALUE!, , , , , , , , , , , , , , , , ,(CONTRACTS OF 100 TONNES),,,,,Combined
ICE Gasoil Futures - ICE Futures Europe,180116,1/16/2018,,ICEU,1,G,936480,320194,517670,172670,48746,42862,194535,10991,94376,13977,131818,68238, , ,29628,21779,893689,290520,484872,175593,44917,39893,195445,13474,83663,13758,143033,60970, , ,33847,22867, , , , , , , , , , , , , , , , , , , , , , , , , , , , , , , , ,100,34.2,55.3,18.4,5.2,4.6,20.8,1.2,10.1,1.5,14.1,7.3, , ,3.2,2.3,100,32.5,54.3,19.6,5,4.5,21.9,1.5,9.4,1.5,16,6.8, , ,3.787335415,2.558720092, , , , , , , , , , , , , , , , ,291,95,113,36,10,30,72,11,40,15,18,32, , ,292,93,114,36,10,29,74,13,44,16,16,29, , , , , , , , , , , , , , , , ,15.9,26.7,25.8,40.4,9.5,19.6,15.9,25.8, , , , , , , , , , , , , , , , ,(CONTRACTS OF 100 METRIC TONNES),,,,,FutOnly
ICE Gasoil Futures and Options - ICE Futures Europe,180116,1/16/2018,,ICEU,1,G,950516,324945,522813,173763,48476,48713,194535,10991,94376,12527,131366,71922, , ,29734,21859,907469,295149,489928,176631,44639,45741,195445,13474,83663,12424,142630,64469, , ,33947,22924, , , , , , , , , , , , , , , , , , , , , , , , , , , , , , , , ,100,34.2,55,18.3,5.1,5.1,20.5,1.2,9.9,1.3,13.8,7.6, , ,3.1,2.3,100,32.5,54,19.5,4.9,5,21.5,1.5,9.2,1.4,15.7,7.1, , ,3.740869892,2.526182591, , , , , , , , , , , , , , , , ,291,95,113,36,10,31,72,11,40,14,19,32, , ,292,94,114,36,10,30,74,13,44,14,18,29, , , , , , , , , , , , , , , , ,15.9,26.5,25.9,40.2,9.4,19.4,15.7,25.5, , , , , , , , , , , , , , , , ,(CONTRACTS OF 100 METRIC TONNES),,,,,Combined
ICE Brent Crude Futures - ICE Futures Europe,180116,1/16/2018,,ICEU,1,B,2516769,585558,1352222,387164,47659,231448,625316,59948,281606,105116,246951,253660, , ,46901,43275,2411211,502246,1295828,392753,43565,207686,629610,61758,279072,109997,242937,237503, , ,52344,42862, , , , , , , , , , , , , , , , , , , , , , , , , , , , , , , , ,100,23.3,53.7,15.4,1.9,9.2,24.8,2.4,11.2,4.2,9.8,10.1, , ,1.9,1.7,100,20.8,53.7,16.3,1.8,8.6,26.1,2.6,11.6,4.6,10.1,9.8, , ,2.170859373,1.777612992, , , , , , , , , , , , , , , , ,466,120,145,45,27,56,106,36,71,34,44,63, , ,454,113,145,44,26,57,100,31,64,30,46,62, , , , , , , , , , , , , , , , ,15.5,16,27,27.4,14,14.5,22.3,21.3, , , , , , , , , , , , , , , , ,"(CONTRACTS OF 1,000 BARRELS)",,,,,FutOnly
ICE Brent Crude Futures and Options - ICE Futures Europe,180116,1/16/2018,,ICEU,1,B,3108852,689554,1486071,414150,43742,468240,637252,66457,335658,100287,248772,412812, , ,50898,47101,2973215,599951,1422878,424170,41988,428728,641958,67806,331125,104628,247449,386097, , ,56557,47143, , , , , , , , , , , , , , , , , , , , , , , , , , , , , , , , ,100,22.2,47.8,13.3,1.4,15.1,20.5,2.1,10.8,3.2,8,13.3, , ,1.6,1.5,100,20.2,47.9,14.3,1.4,14.4,21.6,2.3,11.1,3.5,8.3,13, , ,1.902211606,1.585577989, , , , , , , , , , , , , , , , ,466,123,147,46,28,64,106,39,77,36,45,66, , ,454,116,149,46,26,63,101,32,68,28,50,65, , , , , , , , , , , , , , , , ,15.1,14.8,25.2,25.1,11.1,12.5,18.4,17.9, , , , , , , , , , , , , , , , ,"(CONTRACTS OF 1,000 BARRELS)",,,,,Combined
ICE White Sugar Futures - ICE Futures Europe,180116,1/16/2018,,ICEU,2,W,85301,42446,51755,11656,6512,2098,15649,14154,3786,4452,1163,1583, , ,3631,4250,83548,41067,54495,9725,6996,1972,16644,8956,4557,4232,1372,1625, , ,3726,3575, , , , , , , , , , , , , , , , , , , , , , , , , , , , , , , , ,100,49.8,60.7,13.7,7.6,2.5,18.3,16.6,4.4,5.2,1.4,1.9, , ,4.3,5,100,49.2,65.2,11.6,8.4,2.4,19.9,10.7,5.5,5.1,1.6,1.9, , ,4.459711782,4.278977354, , , , , , , , , , , , , , , , ,141,50,49,11,7,6,19,25,15,8,5,9, , ,136,47,51,9,8,6,22,18,14,5,7,9, , , , , , , , , , , , , , , , ,#VALUE!,#VALUE!,#VALUE!,#VALUE!,#VALUE!,#VALUE!,#VALUE!,#VALUE!, , , , , , , , , , , , , , , , ,(CONTRACTS OF 50 TONNES),,,,,FutOnly
ICE White Sugar Futures and Options- ICE Futures Europe,180116,1/16/2018,,ICEU,3,W,86325,43189,52053,11656,6652,2140,15595,14154,3846,4330,1258,1936, , ,3633,4286,84515,41292,55247,9725,6784,2265,16793,8956,4558,4246,1242,1885, , ,3751,3579, , , , , , , , , , , , , , , , , , , , , , , , , , , , , , , , ,100,50,60.3,13.5,7.7,2.5,18.1,16.4,4.5,5,1.5,2.2, , ,4.2,5,100,48.9,65.4,11.5,8,2.7,19.9,10.6,5.4,5,1.5,2.2, , ,4.438709803,4.234785245, , , , , , , , , , , , , , , , ,141,50,49,11,7,6,19,25,15,6,7,10, , ,136,47,51,9,8,6,22,18,14,6,6,10, , , , , , , , , , , , , , , , ,#VALUE!,#VALUE!,#VALUE!,#VALUE!,#VALUE!,#VALUE!,#VALUE!,#VALUE!, , , , , , , , , , , , , , , , ,(CONTRACTS OF 50 TONNES),,,,,Combined
ICE Cocoa Futures - ICE Futures Europe,180116,1/16/2018,,ICEU,4,Cocoa,291523,200490,158424,22946,18821,9249,15335,72097,17244,12269,955,11243, , ,2747,3490,291684,202640,156570,23038,19112,9058,14262,74387,15964,12197,1538,11404, , ,3121,3651, , , , , , , , , , , , , , , , , , , , , , , , , , , , , , , , ,100,68.8,54.3,7.9,6.5,3.2,5.3,24.7,5.9,4.2,0.3,3.9, , ,0.9,1.2,100,69.5,53.7,7.9,6.6,3.1,4.9,25.5,5.5,4.2,0.5,3.9, , ,1.069993555,1.251697042, , , , , , , , , , , , , , , , ,170,52,42,13,12,7,19,39,15,16,6,14, , ,167,53,42,13,11,8,18,40,15,16,3,12, , , , , , , , , , , , , , , , ,#VALUE!,#VALUE!,#VALUE!,#VALUE!,#VALUE!,#VALUE!,#VALUE!,#VALUE!, , , , , , , , , , , , , , , , ,(CONTRACTS OF 10 TONNES),,,,,FutOnly
ICE Cocoa Futures and Options - ICE Futures Europe,180116,1/16/2018,,ICEU,5,Cocoa,348025,229326,174655,19517,18392,19991,12408,71345,30312,4870,1051,28706, , ,2894,3573,348283,232698,173642,19072,18384,19970,11058,73628,28517,4914,1628,28779, , ,3276,3734, , , , , , , , , , , , , , , , , , , , , , , , , , , , , , , , ,100,65.9,50.2,5.6,5.3,5.7,3.6,20.5,8.7,1.4,0.3,8.2, , ,0.8,1,100,66.8,49.9,5.5,5.3,5.7,3.2,21.1,8.2,1.4,0.5,8.3, , ,0.940489327,1.072259296, , , , , , , , , , , , , , , , ,170,53,43,16,9,11,20,38,16,9,13,17, , ,167,53,43,16,8,11,19,39,16,10,8,16, , , , , , , , , , , , , , , , ,#VALUE!,#VALUE!,#VALUE!,#VALUE!,#VALUE!,#VALUE!,#VALUE!,#VALUE!, , , , , , , , , , , , , , , , ,(CONTRACTS OF 10 TONNES),,,,,Combined
ICE Robusta Coffee Futures - ICE Futures Europe,180116,1/16/2018,,ICEU,6,RC,116514,73477,50245,6958,6940,1327,11770,36896,8826,3293,1922,6049, , ,4814,4309,117435,77507,49376,7064,8245,1173,9992,38773,7271,3261,1791,5787, , ,5380,5019, , , , , , , , , , , , , , , , , , , , , , , , , , , , , , , , ,100,63.1,43.1,6,6,1.1,10.1,31.7,7.6,2.8,1.6,5.2, , ,4.1,3.7,100,66,42,6,7,1,8.5,33,6.2,2.8,1.5,4.9, , ,4.581257717,4.273853621, , , , , , , , , , , , , , , , ,163,59,52,12,7,8,14,36,12,12,6,13, , ,159,55,44,12,6,8,13,40,12,12,5,12, , , , , , , , , , , , , , , , ,#VALUE!,#VALUE!,#VALUE!,#VALUE!,#VALUE!,#VALUE!,#VALUE!,#VALUE!, , , , , , , , , , , , , , , , ,(CONTRACTS OF 10 TONNES),,,,,FutOnly
ICE Robusta Coffee Futures and Options - ICE Futures Europe,180116,1/16/2018,,ICEU,7,RC,141138,82691,61298,5836,5815,5509,11586,34763,12717,1895,868,15926, , ,4978,4242,141750,85853,60039,5796,7042,5590,9875,36450,11256,2393,995,15373, , ,5615,5005, , , , , , , , , , , , , , , , , , , , , , , , , , , , , , , , ,100,58.6,43.4,4.1,4.1,3.9,8.2,24.6,9,1.3,0.6,11.3, , ,3.5,3,100,60.6,42.4,4.1,5,3.9,7,25.7,7.9,1.7,0.7,10.8, , ,3.961200812,3.530798097, , , , , , , , , , , , , , , , ,163,60,54,11,9,10,15,35,14,11,7,17, , ,159,57,46,12,7,10,14,39,13,11,6,17, , , , , , , , , , , , , , , , ,#VALUE!,#VALUE!,#VALUE!,#VALUE!,#VALUE!,#VALUE!,#VALUE!,#VALUE!, , , , , , , , , , , , , , , , ,(CONTRACTS OF 10 TONNES),,,,,Combined
ICE Wheat Futures - ICE Futures Europe,180116,1/16/2018,,ICEU,8,Wheat,11148,10167,7308,0,2124,0,0,275,0,185,621,34, , ,762,786,10907,9933,7118,0,2124,0,0,286,0,185,568,47, , ,742,764, , , , , , , , , , , , , , , , , , , , , , , , , , , , , , , , ,100,91.2,65.6,0,19.1,0,0,2.5,0,1.7,5.6,0.3, , ,6.8,7.1,100,91.1,65.3,0,19.5,0,0,2.6,0,1.7,5.2,0.4, , ,6.802970569,7.004675896, , , , , , , , , , , , , , , , ,31,19,13,0,3,0,0,1,0,1,1,1, , ,31,19,13,0,3,0,0,1,0,1,1,1, , , , , , , , , , , , , , , , ,#VALUE!,#VALUE!,#VALUE!,#VALUE!,#VALUE!,#VALUE!,#VALUE!,#VALUE!, , , , , , , , , , , , , , , , ,(CONTRACTS OF 100 TONNES),,,,,FutOnly
ICE Wheat Futures and Options - ICE Futures Europe,180116,1/16/2018,,ICEU,9,Wheat,11308,10250,7422,0,2124,0,0,275,0,185,613,42, , ,831,832,11068,10023,7230,0,2124,0,0,286,0,185,567,48, , ,812,813, , , , , , , , , , , , , , , , , , , , , , , , , , , , , , , , ,100,90.6,65.6,0,18.8,0,0,2.4,0,1.6,5.4,0.4, , ,7.3,7.4,100,90.6,65.3,0,19.2,0,0,2.6,0,1.7,5.1,0.4, , ,7.337954671,7.34128951, , , , , , , , , , , , , , , , ,31,21,14,0,3,0,0,1,0,1,1,1, , ,31,21,14,0,3,0,0,1,0,1,1,1, , , , , , , , , , , , , , , , ,#VALUE!,#VALUE!,#VALUE!,#VALUE!,#VALUE!,#VALUE!,#VALUE!,#VALUE!, , , , , , , , , , , , , , , , ,(CONTRACTS OF 100 TONNES),,,,,Combined
ICE Gasoil Futures - ICE Futures Europe,180123,1/23/2018,,ICEU,1,G,964512,336128,524820,170116,53538,47731,200635,8368,100953,11860,136942,67809, , ,29280,24351,936480,320194,517670,172670,48746,42862,194535,10991,94376,13977,131818,68238, , ,29628,21779, , , , , , , , , , , , , , , , , , , , , , , , , , , , , , , , ,100,34.8,54.4,17.6,5.6,4.9,20.8,0.9,10.5,1.2,14.2,7, , ,3,2.5,100,34.2,55.3,18.4,5.2,4.6,20.8,1.2,10.1,1.5,14.1,7.3, , ,3.163762173,2.325623612, , , , , , , , , , , , , , , , ,286,92,109,37,11,31,76,9,42,14,19,31, , ,291,95,113,36,10,30,72,11,40,15,18,32, , , , , , , , , , , , , , , , ,14.1,25.3,24.6,40.9,9.1,19.9,15.4,25.9, , , , , , , , , , , , , , , , ,(CONTRACTS OF 100 METRIC TONNES),,,,,FutOnly
ICE Gasoil Futures and Options - ICE Futures Europe,180123,1/23/2018,,ICEU,1,G,979252,341382,530166,171213,53412,53733,200635,8368,100953,10264,136498,71675, , ,29398,24447,950516,324945,522813,173763,48476,48713,194535,10991,94376,12527,131366,71922, , ,29734,21859, , , , , , , , , , , , , , , , , , , , , , , , , , , , , , , , ,100,34.9,54.1,17.5,5.5,5.5,20.5,0.9,10.3,1,13.9,7.3, , ,3,2.5,100,34.2,55,18.3,5.1,5.1,20.5,1.2,9.9,1.3,13.8,7.6, , ,3.128195741,2.299664679, , , , , , , , , , , , , , , , ,286,92,109,37,11,31,76,9,42,13,20,31, , ,291,95,113,36,10,31,72,11,40,14,19,32, , , , , , , , , , , , , , , , ,14.2,25.2,24.5,40.6,9,19.6,15.2,25.6, , , , , , , , , , , , , , , , ,(CONTRACTS OF 100 METRIC TONNES),,,,,Combined
ICE Brent Crude Futures - ICE Futures Europe,180123,1/23/2018,,ICEU,1,B,2602269,661317,1436819,373311,49365,245629,632922,53662,281208,102366,238702,252991, , ,52525,43893,2516769,585558,1352222,387164,47659,231448,625316,59948,281606,105116,246951,253660, , ,46901,43275, , , , , , , , , , , , , , , , , , , , , , , , , , , , , , , , ,100,25.4,55.2,14.3,1.9,9.4,24.3,2.1,10.8,3.9,9.2,9.7, , ,2,1.7,100,23.3,53.7,15.4,1.9,9.2,24.8,2.4,11.2,4.2,9.8,10.1, , ,1.863540118,1.719466506, , , , , , , , , , , , , , , , ,464,122,145,46,26,58,108,30,66,31,49,65, , ,466,120,145,45,27,56,106,36,71,34,44,63, , , , , , , , , , , , , , , , ,15.1,17.6,26.4,28.8,13.4,14.4,21.8,20.8, , , , , , , , , , , , , , , , ,"(CONTRACTS OF 1,000 BARRELS)",,,,,FutOnly
ICE Brent Crude Futures and Options - ICE Futures Europe,180123,1/23/2018,,ICEU,1,B,3218053,769844,1577942,401996,47924,488439,643426,58719,340293,99731,238710,418261, , ,56062,47763,3108852,689554,1486071,414150,43742,468240,637252,66457,335658,100287,248772,412812, , ,50898,47101, , , , , , , , , , , , , , , , , , , , , , , , , , , , , , , , ,100,23.9,49,12.5,1.5,15.2,20,1.8,10.6,3.1,7.4,13, , ,1.7,1.5,100,22.2,47.8,13.3,1.4,15.1,20.5,2.1,10.8,3.2,8,13.3, , ,1.63721138,1.515059189, , , , , , , , , , , , , , , , ,464,123,148,47,27,64,106,36,73,36,49,68, , ,466,123,147,46,28,64,106,39,77,36,45,66, , , , , , , , , , , , , , , , ,14.9,16.1,24.7,26.2,10.6,12.5,17.9,17.6, , , , , , , , , , , , , , , , ,"(CONTRACTS OF 1,000 BARRELS)",,,,,Combined
ICE White Sugar Futures - ICE Futures Europe,180123,1/23/2018,,ICEU,2,W,93740,45696,49569,13883,6409,2138,14850,22965,5248,5460,1114,2179, , ,4286,4118,85301,42446,51755,11656,6512,2098,15649,14154,3786,4452,1163,1583, , ,3631,4250, , , , , , , , , , , , , , , , , , , , , , , , , , , , , , , , ,100,48.7,52.9,14.8,6.8,2.3,15.8,24.5,5.6,5.8,1.2,2.3, , ,4.6,4.4,100,49.8,60.7,13.7,7.6,2.5,18.3,16.6,4.4,5.2,1.4,1.9, , ,4.256691012,4.982356596, , , , , , , , , , , , , , , , ,149,51,49,11,8,6,19,26,14,10,9,12, , ,141,50,49,11,7,6,19,25,15,8,5,9, , , , , , , , , , , , , , , , ,#VALUE!,#VALUE!,#VALUE!,#VALUE!,#VALUE!,#VALUE!,#VALUE!,#VALUE!, , , , , , , , , , , , , , , , ,(CONTRACTS OF 50 TONNES),,,,,FutOnly
ICE White Sugar Futures and Options- ICE Futures Europe,180123,1/23/2018,,ICEU,3,W,95251,46878,49878,13883,6719,2139,14730,22965,5368,5171,1197,2794, , ,4286,4190,86325,43189,52053,11656,6652,2140,15595,14154,3846,4330,1258,1936, , ,3633,4286, , , , , , , , , , , , , , , , , , , , , , , , , , , , , , , , ,100,49.2,52.4,14.6,7.1,2.2,15.5,24.1,5.6,5.4,1.3,2.9, , ,4.5,4.4,100,50,60.3,13.5,7.7,2.5,18.1,16.4,4.5,5,1.5,2.2, , ,4.209081685,4.965038847, , , , , , , , , , , , , , , , ,149,51,49,11,8,6,19,26,14,9,10,13, , ,141,50,49,11,7,6,19,25,15,6,7,10, , , , , , , , , , , , , , , , ,#VALUE!,#VALUE!,#VALUE!,#VALUE!,#VALUE!,#VALUE!,#VALUE!,#VALUE!, , , , , , , , , , , , , , , , ,(CONTRACTS OF 50 TONNES),,,,,Combined
ICE Cocoa Futures - ICE Futures Europe,180123,1/23/2018,,ICEU,4,Cocoa,294122,200911,162893,23294,18368,9338,17672,71007,17090,12448,1478,10431, , ,2938,3517,291523,200490,158424,22946,18821,9249,15335,72097,17244,12269,955,11243, , ,2747,3490, , , , , , , , , , , , , , , , , , , , , , , , , , , , , , , , ,100,68.3,55.4,7.9,6.2,3.2,6,24.1,5.8,4.2,0.5,3.5, , ,1,1.2,100,68.8,54.3,7.9,6.5,3.2,5.3,24.7,5.9,4.2,0.3,3.9, , ,0.942292718,1.197161116, , , , , , , , , , , , , , , , ,171,53,43,13,12,7,20,38,17,16,5,15, , ,170,52,42,13,12,7,19,39,15,16,6,14, , , , , , , , , , , , , , , , ,#VALUE!,#VALUE!,#VALUE!,#VALUE!,#VALUE!,#VALUE!,#VALUE!,#VALUE!, , , , , , , , , , , , , , , , ,(CONTRACTS OF 10 TONNES),,,,,FutOnly
ICE Cocoa Futures and Options - ICE Futures Europe,180123,1/23/2018,,ICEU,5,Cocoa,351092,229584,178873,20224,17926,20408,14562,70445,30315,4915,1533,27992, , ,3093,3600,348025,229326,174655,19517,18392,19991,12408,71345,30312,4870,1051,28706, , ,2894,3573, , , , , , , , , , , , , , , , , , , , , , , , , , , , , , , , ,100,65.4,50.9,5.8,5.1,5.8,4.1,20.1,8.6,1.4,0.4,8, , ,0.9,1,100,65.9,50.2,5.6,5.3,5.7,3.6,20.5,8.7,1.4,0.3,8.2, , ,0.831672076,1.026675632, , , , , , , , , , , , , , , , ,171,54,44,16,9,11,20,38,19,11,10,18, , ,170,53,43,16,9,11,20,38,16,9,13,17, , , , , , , , , , , , , , , , ,#VALUE!,#VALUE!,#VALUE!,#VALUE!,#VALUE!,#VALUE!,#VALUE!,#VALUE!, , , , , , , , , , , , , , , , ,(CONTRACTS OF 10 TONNES),,,,,Combined
ICE Robusta Coffee Futures - ICE Futures Europe,180123,1/23/2018,,ICEU,6,RC,112648,66295,53285,7955,6159,752,14773,32455,7823,3534,2287,6005, , ,5511,3882,116514,73477,50245,6958,6940,1327,11770,36896,8826,3293,1922,6049, , ,4814,4309, , , , , , , , , , , , , , , , , , , , , , , , , , , , , , , , ,100,58.9,47.3,7.1,5.5,0.7,13.1,28.8,6.9,3.1,2,5.3, , ,4.9,3.4,100,63.1,43.1,6,6,1.1,10.1,31.7,7.6,2.8,1.6,5.2, , ,4.131692329,3.698268019, , , , , , , , , , , , , , , , ,149,53,46,12,6,8,16,26,12,15,7,16, , ,163,59,52,12,7,8,14,36,12,12,6,13, , , , , , , , , , , , , , , , ,#VALUE!,#VALUE!,#VALUE!,#VALUE!,#VALUE!,#VALUE!,#VALUE!,#VALUE!, , , , , , , , , , , , , , , , ,(CONTRACTS OF 10 TONNES),,,,,FutOnly
ICE Robusta Coffee Futures and Options - ICE Futures Europe,180123,1/23/2018,,ICEU,7,RC,137478,76045,64240,6753,4868,4944,14684,30641,11315,1489,871,16479, , ,5769,4119,141138,82691,61298,5836,5815,5509,11586,34763,12717,1895,868,15926, , ,4978,4242, , , , , , , , , , , , , , , , , , , , , , , , , , , , , , , , ,100,55.3,46.7,4.9,3.5,3.6,10.7,22.3,8.2,1.1,0.6,12, , ,4.2,3,100,58.6,43.4,4.1,4.1,3.9,8.2,24.6,9,1.3,0.6,11.3, , ,3.526958917,3.005558196, , , , , , , , , , , , , , , , ,149,54,47,11,8,11,18,24,13,15,7,20, , ,163,60,54,11,9,10,15,35,14,11,7,17, , , , , , , , , , , , , , , , ,#VALUE!,#VALUE!,#VALUE!,#VALUE!,#VALUE!,#VALUE!,#VALUE!,#VALUE!, , , , , , , , , , , , , , , , ,(CONTRACTS OF 10 TONNES),,,,,Combined
ICE Wheat Futures - ICE Futures Europe,180123,1/23/2018,,ICEU,8,Wheat,11155,10133,7294,0,2149,0,0,301,0,185,602,23, , ,814,786,11148,10167,7308,0,2124,0,0,275,0,185,621,34, , ,762,786, , , , , , , , , , , , , , , , , , , , , , , , , , , , , , , , ,100,90.8,65.4,0,19.3,0,0,2.7,0,1.7,5.4,0.2, , ,7.3,7,100,91.2,65.6,0,19.1,0,0,2.5,0,1.7,5.6,0.3, , ,6.835306781,7.050592034, , , , , , , , , , , , , , , , ,31,18,14,0,3,0,0,1,0,1,1,1, , ,31,19,13,0,3,0,0,1,0,1,1,1, , , , , , , , , , , , , , , , ,#VALUE!,#VALUE!,#VALUE!,#VALUE!,#VALUE!,#VALUE!,#VALUE!,#VALUE!, , , , , , , , , , , , , , , , ,(CONTRACTS OF 100 TONNES),,,,,FutOnly
ICE Wheat Futures and Options - ICE Futures Europe,180123,1/23/2018,,ICEU,9,Wheat,11302,10208,7397,0,2149,0,0,301,0,185,596,29, , ,880,830,11308,10250,7422,0,2124,0,0,275,0,185,613,42, , ,831,832, , , , , , , , , , , , , , , , , , , , , , , , , , , , , , , , ,100,90.3,65.5,0,19,0,0,2.7,0,1.6,5.3,0.3, , ,7.8,7.3,100,90.6,65.6,0,18.8,0,0,2.4,0,1.6,5.4,0.4, , ,7.346363026,7.358325327, , , , , , , , , , , , , , , , ,31,21,14,0,3,0,0,1,0,1,1,1, , ,31,21,14,0,3,0,0,1,0,1,1,1, , , , , , , , , , , , , , , , ,#VALUE!,#VALUE!,#VALUE!,#VALUE!,#VALUE!,#VALUE!,#VALUE!,#VALUE!, , , , , , , , , , , , , , , , ,(CONTRACTS OF 100 TONNES),,,,,Combined
ICE Gasoil Futures - ICE Futures Europe,180130,1/30/2018,,ICEU,1,G,1008823,380897,571626,165609,57409,43876,202860,5749,102736,13491,137002,68858, , ,30496,21567,964512,336128,524820,170116,53538,47731,200635,8368,100953,11860,136942,67809, , ,29280,24351, , , , , , , , , , , , , , , , , , , , , , , , , , , , , , , , ,100,37.8,56.7,16.4,5.7,4.3,20.1,0.6,10.2,1.3,13.6,6.8, , ,3,2.1,100,34.8,54.4,17.6,5.6,4.9,20.8,0.9,10.5,1.2,14.2,7, , ,3.035732059,2.524696427, , , , , , , , , , , , , , , , ,289,93,108,35,11,29,80,8,47,15,19,31, , ,286,92,109,37,11,31,76,9,42,14,19,31, , , , , , , , , , , , , , , , ,14.7,26.1,25.7,42.3,8.8,19.1,14.5,24.7, , , , , , , , , , , , , , , , ,(CONTRACTS OF 100 METRIC TONNES),,,,,FutOnly
ICE Gasoil Futures and Options - ICE Futures Europe,180130,1/30/2018,,ICEU,1,G,1024081,386429,577166,166622,57348,49879,202860,5749,102736,11823,136407,73108, , ,30625,21690,979252,341382,530166,171213,53412,53733,200635,8368,100953,10264,136498,71675, , ,29398,24447, , , , , , , , , , , , , , , , , , , , , , , , , , , , , , , , ,100,37.7,56.4,16.3,5.6,4.9,19.8,0.6,10,1.2,13.3,7.1, , ,3,2.1,100,34.9,54.1,17.5,5.5,5.5,20.5,0.9,10.3,1,13.9,7.3, , ,3.002069943,2.496458374, , , , , , , , , , , , , , , , ,289,93,108,35,11,30,80,8,47,15,19,31, , ,286,92,109,37,11,31,76,9,42,13,20,31, , , , , , , , , , , , , , , , ,14.8,25.9,25.6,42.1,8.7,18.8,14.3,24.5, , , , , , , , , , , , , , , , ,(CONTRACTS OF 100 METRIC TONNES),,,,,Combined
ICE Brent Crude Futures - ICE Futures Europe,180130,1/30/2018,,ICEU,1,B,2516759,604675,1391589,384426,53386,233567,618968,36403,285047,99581,234200,244799, , ,45696,37768,2602269,661317,1436819,373311,49365,245629,632922,53662,281208,102366,238702,252991, , ,52525,43893, , , , , , , , , , , , , , , , , , , , , , , , , , , , , , , , ,100,24,55.3,15.3,2.1,9.3,24.6,1.4,11.3,4,9.3,9.7, , ,1.8,1.5,100,25.4,55.2,14.3,1.9,9.4,24.3,2.1,10.8,3.9,9.2,9.7, , ,2.018430839,1.68672032, , , , , , , , , , , , , , , , ,457,116,144,49,23,59,106,35,70,34,40,62, , ,464,122,145,46,26,58,108,30,66,31,49,65, , , , , , , , , , , , , , , , ,15.2,17.5,27.1,28.7,13.6,14.6,21.9,21.1, , , , , , , , , , , , , , , , ,"(CONTRACTS OF 1,000 BARRELS)",,,,,FutOnly
ICE Brent Crude Futures and Options - ICE Futures Europe,180130,1/30/2018,,ICEU,1,B,2997407,693826,1498400,411891,55240,429964,620699,42501,322926,93872,232329,375533, , ,48696,40514,3218053,769844,1577942,401996,47924,488439,643426,58719,340293,99731,238710,418261, , ,56062,47763, , , , , , , , , , , , , , , , , , , , , , , , , , , , , , , , ,100,23.1,50,13.7,1.8,14.3,20.7,1.4,10.8,3.1,7.8,12.5, , ,1.6,1.4,100,23.9,49,12.5,1.5,15.2,20,1.8,10.6,3.1,7.4,13, , ,1.742110982,1.484235877, , , , , , , , , , , , , , , , ,457,119,146,50,24,62,106,38,75,32,45,64, , ,464,123,148,47,27,64,106,36,73,36,49,68, , , , , , , , , , , , , , , , ,15.1,16.2,25.4,26.9,11.2,12.9,18.6,18.2, , , , , , , , , , , , , , , , ,"(CONTRACTS OF 1,000 BARRELS)",,,,,Combined
ICE White Sugar Futures - ICE Futures Europe,180130,1/30/2018,,ICEU,2,W,96634,48204,50858,13932,3738,2278,13805,26170,5596,5882,1043,1990, , ,4947,4961,93740,45696,49569,13883,6409,2138,14850,22965,5248,5460,1114,2179, , ,4286,4118, , , , , , , , , , , , , , , , , , , , , , , , , , , , , , , , ,100,49.9,52.6,14.4,3.9,2.4,14.3,27.1,5.8,6.1,1.1,2.1, , ,5.1,5.1,100,48.7,52.9,14.8,6.8,2.3,15.8,24.5,5.6,5.8,1.2,2.3, , ,4.572221037,4.39300192, , , , , , , , , , , , , , , , ,144,51,51,12,6,5,17,26,13,11,6,11, , ,149,51,49,11,8,6,19,26,14,10,9,12, , , , , , , , , , , , , , , , ,#VALUE!,#VALUE!,#VALUE!,#VALUE!,#VALUE!,#VALUE!,#VALUE!,#VALUE!, , , , , , , , , , , , , , , , ,(CONTRACTS OF 50 TONNES),,,,,FutOnly
ICE White Sugar Futures and Options- ICE Futures Europe,180130,1/30/2018,,ICEU,3,W,97725,48975,51194,13932,3741,2405,13775,26170,5626,5417,953,2649, , ,4947,4987,95251,46878,49878,13883,6719,2139,14730,22965,5368,5171,1197,2794, , ,4286,4190, , , , , , , , , , , , , , , , , , , , , , , , , , , , , , , , ,100,50.1,52.4,14.3,3.8,2.5,14.1,26.8,5.8,5.5,1,2.7, , ,5.1,5.1,100,49.2,52.4,14.6,7.1,2.2,15.5,24.1,5.6,5.4,1.3,2.9, , ,4.500066503,4.399194859, , , , , , , , , , , , , , , , ,144,51,51,12,6,5,17,26,13,10,7,12, , ,149,51,49,11,8,6,19,26,14,9,10,13, , , , , , , , , , , , , , , , ,#VALUE!,#VALUE!,#VALUE!,#VALUE!,#VALUE!,#VALUE!,#VALUE!,#VALUE!, , , , , , , , , , , , , , , , ,(CONTRACTS OF 50 TONNES),,,,,Combined
ICE Cocoa Futures - ICE Futures Europe,180130,1/30/2018,,ICEU,4,Cocoa,296778,196754,165941,25360,19119,6857,23076,71802,16401,13193,791,12480, , ,2657,3387,294122,200911,162893,23294,18368,9338,17672,71007,17090,12448,1478,10431, , ,2938,3517, , , , , , , , , , , , , , , , , , , , , , , , , , , , , , , , ,100,66.3,55.9,8.5,6.4,2.3,7.8,24.2,5.5,4.4,0.3,4.2, , ,0.9,1.1,100,68.3,55.4,7.9,6.2,3.2,6,24.1,5.8,4.2,0.5,3.5, , ,0.998905216,1.195762303, , , , , , , , , , , , , , , , ,167,51,45,14,10,8,21,35,16,16,4,15, , ,171,53,43,13,12,7,20,38,17,16,5,15, , , , , , , , , , , , , , , , ,#VALUE!,#VALUE!,#VALUE!,#VALUE!,#VALUE!,#VALUE!,#VALUE!,#VALUE!, , , , , , , , , , , , , , , , ,(CONTRACTS OF 10 TONNES),,,,,FutOnly
ICE Cocoa Futures and Options - ICE Futures Europe,180130,1/30/2018,,ICEU,5,Cocoa,357675,227233,182531,21858,18597,18371,20188,71271,30929,4802,980,31492, , ,2803,3505,351092,229584,178873,20224,17926,20408,14562,70445,30315,4915,1533,27992, , ,3093,3600, , , , , , , , , , , , , , , , , , , , , , , , , , , , , , , , ,100,63.5,51,6.1,5.2,5.1,5.6,19.9,8.6,1.3,0.3,8.8, , ,0.8,1,100,65.4,50.9,5.8,5.1,5.8,4.1,20.1,8.6,1.4,0.4,8, , ,0.880879769,1.025494682, , , , , , , , , , , , , , , , ,167,52,46,16,8,10,21,35,18,9,10,18, , ,171,54,44,16,9,11,20,38,19,11,10,18, , , , , , , , , , , , , , , , ,#VALUE!,#VALUE!,#VALUE!,#VALUE!,#VALUE!,#VALUE!,#VALUE!,#VALUE!, , , , , , , , , , , , , , , , ,(CONTRACTS OF 10 TONNES),,,,,Combined
ICE Robusta Coffee Futures - ICE Futures Europe,180130,1/30/2018,,ICEU,6,RC,115291,69217,55069,8794,5647,693,13851,33176,7807,3227,2044,6500, , ,5202,4355,112648,66295,53285,7955,6159,752,14773,32455,7823,3534,2287,6005, , ,5511,3882, , , , , , , , , , , , , , , , , , , , , , , , , , , , , , , , ,100,60,47.8,7.6,4.9,0.6,12,28.8,6.8,2.8,1.8,5.6, , ,4.5,3.8,100,58.9,47.3,7.1,5.5,0.7,13.1,28.8,6.9,3.1,2,5.3, , ,4.892230665,3.446133087, , , , , , , , , , , , , , , , ,151,53,46,12,6,7,13,30,11,12,7,17, , ,149,53,46,12,6,8,16,26,12,15,7,16, , , , , , , , , , , , , , , , ,#VALUE!,#VALUE!,#VALUE!,#VALUE!,#VALUE!,#VALUE!,#VALUE!,#VALUE!, , , , , , , , , , , , , , , , ,(CONTRACTS OF 10 TONNES),,,,,FutOnly
ICE Robusta Coffee Futures and Options - ICE Futures Europe,180130,1/30/2018,,ICEU,7,RC,140271,78981,65874,7617,4288,4751,13596,31274,11616,1176,817,17065, , ,5470,4585,137478,76045,64240,6753,4868,4944,14684,30641,11315,1489,871,16479, , ,5769,4119, , , , , , , , , , , , , , , , , , , , , , , , , , , , , , , , ,100,56.3,47,5.4,3.1,3.4,9.7,22.3,8.3,0.8,0.6,12.2, , ,3.9,3.3,100,55.3,46.7,4.9,3.5,3.6,10.7,22.3,8.2,1.1,0.6,12, , ,4.195970095,2.996397445, , , , , , , , , , , , , , , , ,151,54,48,11,8,9,12,31,13,13,6,20, , ,149,54,47,11,8,11,18,24,13,15,7,20, , , , , , , , , , , , , , , , ,#VALUE!,#VALUE!,#VALUE!,#VALUE!,#VALUE!,#VALUE!,#VALUE!,#VALUE!, , , , , , , , , , , , , , , , ,(CONTRACTS OF 10 TONNES),,,,,Combined
ICE Wheat Futures - ICE Futures Europe,180130,1/30/2018,,ICEU,8,Wheat,10770,9604,6960,0,2004,0,0,333,0,190,585,28, , ,948,860,11155,10133,7294,0,2149,0,0,301,0,185,602,23, , ,814,786, , , , , , , , , , , , , , , , , , , , , , , , , , , , , , , , ,100,89.2,64.6,0,18.6,0,0,3.1,0,1.8,5.4,0.3, , ,8.8,8,100,90.8,65.4,0,19.3,0,0,2.7,0,1.7,5.4,0.2, , ,7.297176154,7.046167638, , , , , , , , , , , , , , , , ,29,17,14,0,2,0,0,1,0,1,1,1, , ,31,18,14,0,3,0,0,1,0,1,1,1, , , , , , , , , , , , , , , , ,#VALUE!,#VALUE!,#VALUE!,#VALUE!,#VALUE!,#VALUE!,#VALUE!,#VALUE!, , , , , , , , , , , , , , , , ,(CONTRACTS OF 100 TONNES),,,,,FutOnly
ICE Wheat Futures and Options - ICE Futures Europe,180130,1/30/2018,,ICEU,9,Wheat,10924,9678,7069,0,2004,0,0,333,0,190,578,35, , ,1021,905,11302,10208,7397,0,2149,0,0,301,0,185,596,29, , ,880,830, , , , , , , , , , , , , , , , , , , , , , , , , , , , , , , , ,100,88.6,64.7,0,18.3,0,0,3,0,1.7,5.3,0.3, , ,9.3,8.3,100,90.3,65.5,0,19,0,0,2.7,0,1.6,5.3,0.3, , ,7.785050743,7.340491931, , , , , , , , , , , , , , , , ,29,20,14,0,2,0,0,1,0,1,1,1, , ,31,21,14,0,3,0,0,1,0,1,1,1, , , , , , , , , , , , , , , , ,#VALUE!,#VALUE!,#VALUE!,#VALUE!,#VALUE!,#VALUE!,#VALUE!,#VALUE!, , , , , , , , , , , , , , , , ,(CONTRACTS OF 100 TONNES),,,,,Combined
ICE Gasoil Futures - ICE Futures Europe,180206,02/06/2018,,ICEU,1,G,999368,382943,581675,168115,60781,44918,201129,5787,91326,13440,121143,69726, , ,27771,24012,1008823,380897,571626,165609,57409,43876,202860,5749,102736,13491,137002,68858, , ,30496,21567, , , , , , , , , , , , , , , , , , , , , , , , , , , , , , , , ,100,38.3,58.2,16.8,6.1,4.5,20.1,0.6,9.1,1.3,12.1,7, , ,2.8,2.4,100,37.8,56.7,16.4,5.7,4.3,20.1,0.6,10.2,1.3,13.6,6.8, , ,3.0229287,2.137837857, , , , , , , , , , , , , , , , ,287,100,114,39,9,31,74,9,43,15,15,27, , ,289,93,108,35,11,29,80,8,47,15,19,31, , , , , , , , , , , , , , , , ,15.9,24.7,26.7,41.3,8.8,17.9,14.7,23.2, , , , , , , , , , , , , , , , ,(CONTRACTS OF 100 METRIC TONNES),,,,,FutOnly
ICE Gasoil Futures and Options - ICE Futures Europe,180206,02/06/2018,,ICEU,1,G,1014469,388580,587055,169311,60708,50899,201129,5787,91326,11730,120975,73596, , ,27898,24123,1024081,386429,577166,166622,57348,49879,202860,5749,102736,11823,136407,73108, , ,30625,21690, , , , , , , , , , , , , , , , , , , , , , , , , , , , , , , , ,100,38.3,57.9,16.7,6,5,19.8,0.6,9,1.2,11.9,7.3, , ,2.7,2.4,100,37.7,56.4,16.3,5.6,4.9,19.8,0.6,10,1.2,13.3,7.1, , ,2.990520974,2.117973624, , , , , , , , , , , , , , , , ,287,100,114,39,9,32,74,9,43,15,15,27, , ,289,93,108,35,11,30,80,8,47,15,19,31, , , , , , , , , , , , , , , , ,16,24.6,26.6,41,8.7,17.6,14.5,22.9, , , , , , , , , , , , , , , , ,(CONTRACTS OF 100 METRIC TONNES),,,,,Combined
ICE Brent Crude Futures - ICE Futures Europe,180206,02/06/2018,,ICEU,1,B,2396395,540914,1324738,382230,53242,223611,615118,33269,264874,97655,229440,219935, , ,52058,47286,2516759,604675,1391589,384426,53386,233567,618968,36403,285047,99581,234200,244799, , ,45696,37768, , , , , , , , , , , , , , , , , , , , , , , , , , , , , , , , ,100,22.6,55.3,16,2.2,9.3,25.7,1.4,11.1,4.1,9.6,9.2, , ,2.2,2,100,24,55.3,15.3,2.1,9.3,24.6,1.4,11.3,4,9.3,9.7, , ,1.815668485,1.500660174, , , , , , , , , , , , , , , , ,435,108,137,48,22,54,105,28,69,34,35,55, , ,457,116,144,49,23,59,106,35,70,34,40,62, , , , , , , , , , , , , , , , ,16,17.6,27.9,29.1,14.7,14.9,23.4,21.8, , , , , , , , , , , , , , , , ,"(CONTRACTS OF 1,000 BARRELS)",,,,,FutOnly
ICE Brent Crude Futures and Options - ICE Futures Europe,180206,02/06/2018,,ICEU,1,B,2888808,638113,1433590,409260,54865,421553,615311,40322,304752,88549,227479,355423, , ,55847,50825,2997407,693826,1498400,411891,55240,429964,620699,42501,322926,93872,232329,375533, , ,48696,40514, , , , , , , , , , , , , , , , , , , , , , , , , , , , , , , , ,100,22.1,49.6,14.2,1.9,14.6,21.3,1.4,10.5,3.1,7.9,12.3, , ,1.9,1.8,100,23.1,50,13.7,1.8,14.3,20.7,1.4,10.8,3.1,7.8,12.5, , ,1.624594306,1.351636371, , , , , , , , , , , , , , , , ,435,111,138,48,23,59,104,35,75,30,42,56, , ,457,119,146,50,24,62,106,38,75,32,45,64, , , , , , , , , , , , , , , , ,15.4,16.3,25.8,27.1,11.9,12.8,19.6,18.5, , , , , , , , , , , , , , , , ,"(CONTRACTS OF 1,000 BARRELS)",,,,,Combined
ICE White Sugar Futures - ICE Futures Europe,180206,02/06/2018,,ICEU,2,W,96067,48294,49991,13203,3384,1821,13776,26295,6611,4762,995,2424, , ,5176,4546,96634,48204,50858,13932,3738,2278,13805,26170,5596,5882,1043,1990, , ,4947,4961, , , , , , , , , , , , , , , , , , , , , , , , , , , , , , , , ,100,50.3,52,13.7,3.5,1.9,14.3,27.4,6.9,5,1,2.5, , ,5.4,4.7,100,49.9,52.6,14.4,3.9,2.4,14.3,27.1,5.8,6.1,1.1,2.1, , ,5.119316183,5.133803837, , , , , , , , , , , , , , , , ,142,50,50,13,5,5,15,24,10,11,6,12, , ,144,51,51,12,6,5,17,26,13,11,6,11, , , , , , , , , , , , , , , , ,#VALUE!,#VALUE!,#VALUE!,#VALUE!,#VALUE!,#VALUE!,#VALUE!,#VALUE!, , , , , , , , , , , , , , , , ,(CONTRACTS OF 50 TONNES),,,,,FutOnly
ICE White Sugar Futures and Options- ICE Futures Europe,180206,02/06/2018,,ICEU,3,W,96350,48320,50262,13203,3259,1946,13776,26295,6611,4845,958,2474, , ,5176,4546,97725,48975,51194,13932,3741,2405,13775,26170,5626,5417,953,2649, , ,4947,4987, , , , , , , , , , , , , , , , , , , , , , , , , , , , , , , , ,100,50.2,52.2,13.7,3.4,2,14.3,27.3,6.9,5,1,2.6, , ,5.4,4.7,100,50.1,52.4,14.3,3.8,2.5,14.1,26.8,5.8,5.5,1,2.7, , ,5.061667976,5.103334643, , , , , , , , , , , , , , , , ,142,50,50,13,5,5,15,24,10,12,5,13, , ,144,51,51,12,6,5,17,26,13,10,7,12, , , , , , , , , , , , , , , , ,#VALUE!,#VALUE!,#VALUE!,#VALUE!,#VALUE!,#VALUE!,#VALUE!,#VALUE!, , , , , , , , , , , , , , , , ,(CONTRACTS OF 50 TONNES),,,,,Combined
ICE Cocoa Futures - ICE Futures Europe,180206,02/06/2018,,ICEU,4,Cocoa,303375,192343,178274,28554,20102,8155,27892,62714,16664,13851,532,12516, , ,3400,4418,296778,196754,165941,25360,19119,6857,23076,71802,16401,13193,791,12480, , ,2657,3387, , , , , , , , , , , , , , , , , , , , , , , , , , , , , , , , ,100,63.4,58.8,9.4,6.6,2.7,9.2,20.7,5.5,4.6,0.2,4.1, , ,1.1,1.5,100,66.3,55.9,8.5,6.4,2.3,7.8,24.2,5.5,4.4,0.3,4.2, , ,0.895281995,1.141257101, , , , , , , , , , , , , , , , ,160,51,45,14,8,10,21,30,15,18,2,16, , ,167,51,45,14,10,8,21,35,16,16,4,15, , , , , , , , , , , , , , , , ,#VALUE!,#VALUE!,#VALUE!,#VALUE!,#VALUE!,#VALUE!,#VALUE!,#VALUE!, , , , , , , , , , , , , , , , ,(CONTRACTS OF 10 TONNES),,,,,FutOnly
ICE Cocoa Futures and Options - ICE Futures Europe,180206,02/06/2018,,ICEU,5,Cocoa,368199,225888,197083,23302,18864,20957,24314,61936,31513,6035,602,32665, , ,3526,4579,357675,227233,182531,21858,18597,18371,20188,71271,30929,4802,980,31492, , ,2803,3505, , , , , , , , , , , , , , , , , , , , , , , , , , , , , , , , ,100,61.3,53.5,6.3,5.1,5.7,6.6,16.8,8.6,1.6,0.2,8.9, , ,1,1.2,100,63.5,51,6.1,5.2,5.1,5.6,19.9,8.6,1.3,0.3,8.8, , ,0.783557326,0.979818416, , , , , , , , , , , , , , , , ,160,51,46,15,7,10,21,30,17,15,5,18, , ,167,52,46,16,8,10,21,35,18,9,10,18, , , , , , , , , , , , , , , , ,#VALUE!,#VALUE!,#VALUE!,#VALUE!,#VALUE!,#VALUE!,#VALUE!,#VALUE!, , , , , , , , , , , , , , , , ,(CONTRACTS OF 10 TONNES),,,,,Combined
ICE Robusta Coffee Futures - ICE Futures Europe,180206,02/06/2018,,ICEU,6,RC,115133,63513,56511,8517,4918,1103,15755,29843,9013,4032,2002,7126, , ,6074,4617,115291,69217,55069,8794,5647,693,13851,33176,7807,3227,2044,6500, , ,5202,4355, , , , , , , , , , , , , , , , , , , , , , , , , , , , , , , , ,100,55.2,49.1,7.4,4.3,1,13.7,25.9,7.8,3.5,1.7,6.2, , ,5.3,4,100,60,47.8,7.6,4.9,0.6,12,28.8,6.8,2.8,1.8,5.6, , ,4.512060785,3.777398062, , , , , , , , , , , , , , , , ,153,52,52,13,6,8,17,27,16,12,7,17, , ,151,53,46,12,6,7,13,30,11,12,7,17, , , , , , , , , , , , , , , , ,#VALUE!,#VALUE!,#VALUE!,#VALUE!,#VALUE!,#VALUE!,#VALUE!,#VALUE!, , , , , , , , , , , , , , , , ,(CONTRACTS OF 10 TONNES),,,,,FutOnly
ICE Robusta Coffee Futures and Options - ICE Futures Europe,180206,02/06/2018,,ICEU,7,RC,142471,75912,69278,7272,3901,5205,15764,28780,11844,2301,709,17963, , ,6209,4790,140271,78981,65874,7617,4288,4751,13596,31274,11616,1176,817,17065, , ,5470,4585, , , , , , , , , , , , , , , , , , , , , , , , , , , , , , , , ,100,53.3,48.6,5.1,2.7,3.7,11.1,20.2,8.3,1.6,0.5,12.6, , ,4.4,3.4,100,56.3,47,5.4,3.1,3.4,9.7,22.3,8.3,0.8,0.6,12.2, , ,3.899742374,3.268903897, , , , , , , , , , , , , , , , ,153,53,54,12,7,10,19,26,16,12,7,18, , ,151,54,48,11,8,9,12,31,13,13,6,20, , , , , , , , , , , , , , , , ,#VALUE!,#VALUE!,#VALUE!,#VALUE!,#VALUE!,#VALUE!,#VALUE!,#VALUE!, , , , , , , , , , , , , , , , ,(CONTRACTS OF 10 TONNES),,,,,Combined
ICE Wheat Futures - ICE Futures Europe,180206,02/06/2018,,ICEU,8,Wheat,10858,9687,6834,0,2004,0,0,373,0,200,568,20, , ,951,1059,10770,9604,6960,0,2004,0,0,333,0,190,585,28, , ,948,860, , , , , , , , , , , , , , , , , , , , , , , , , , , , , , , , ,100,89.2,62.9,0,18.5,0,0,3.4,0,1.8,5.2,0.2, , ,8.8,9.8,100,89.2,64.6,0,18.6,0,0,3.1,0,1.8,5.4,0.3, , ,8.802228412,7.985143918, , , , , , , , , , , , , , , , ,29,18,14,0,2,0,0,1,0,1,1,1, , ,29,17,14,0,2,0,0,1,0,1,1,1, , , , , , , , , , , , , , , , ,#VALUE!,#VALUE!,#VALUE!,#VALUE!,#VALUE!,#VALUE!,#VALUE!,#VALUE!, , , , , , , , , , , , , , , , ,(CONTRACTS OF 100 TONNES),,,,,FutOnly
ICE Wheat Futures and Options - ICE Futures Europe,180206,02/06/2018,,ICEU,9,Wheat,10999,9755,6932,0,2004,0,0,373,0,200,563,25, , ,1020,1102,10924,9678,7069,0,2004,0,0,333,0,190,578,35, , ,1021,905, , , , , , , , , , , , , , , , , , , , , , , , , , , , , , , , ,100,88.7,63,0,18.2,0,0,3.4,0,1.8,5.1,0.2, , ,9.3,10,100,88.6,64.7,0,18.3,0,0,3,0,1.7,5.3,0.3, , ,9.345972611,8.288547043, , , , , , , , , , , , , , , , ,29,20,14,0,2,0,0,1,0,1,1,1, , ,29,20,14,0,2,0,0,1,0,1,1,1, , , , , , , , , , , , , , , , ,#VALUE!,#VALUE!,#VALUE!,#VALUE!,#VALUE!,#VALUE!,#VALUE!,#VALUE!, , , , , , , , , , , , , , , , ,(CONTRACTS OF 100 TONNES),,,,,Combined
ICE Gasoil Futures - ICE Futures Europe,180213,2/13/2018,,ICEU,1,G,957445,346563,506902,178558,57411,43153,157338,12384,118262,10203,120459,70610, , ,32758,28264,999368,382943,581675,168115,60781,44918,201129,5787,91326,13440,121143,69726, , ,27771,24012, , , , , , , , , , , , , , , , , , , , , , , , , , , , , , , , ,100,36.2,52.9,18.6,6,4.5,16.4,1.3,12.4,1.1,12.6,7.4, , ,3.4,3,100,38.3,58.2,16.8,6.1,4.5,20.1,0.6,9.1,1.3,12.1,7, , ,2.778856237,2.402718518, , , , , , , , , , , , , , , , ,288,99,113,34,11,31,67,16,43,15,16,32, , ,287,100,114,39,9,31,74,9,43,15,15,27, , , , , , , , , , , , , , , , ,14.5,24.8,25.3,39.4,9.3,17.7,15.5,22.9, , , , , , , , , , , , , , , , ,(CONTRACTS OF 100 METRIC TONNES),,,,,FutOnly
ICE Gasoil Futures and Options - ICE Futures Europe,180213,2/13/2018,,ICEU,1,G,973034,352192,511976,179801,57497,49053,157338,12384,118262,8607,120583,74800, , ,32981,28479,1014469,388580,587055,169311,60708,50899,201129,5787,91326,11730,120975,73596, , ,27898,24123, , , , , , , , , , , , , , , , , , , , , , , , , , , , , , , , ,100,36.2,52.6,18.5,5.9,5,16.2,1.3,12.2,0.9,12.4,7.7, , ,3.4,2.9,100,38.3,57.9,16.7,6,5,19.8,0.6,9,1.2,11.9,7.3, , ,2.749990006,2.377886974, , , , , , , , , , , , , , , , ,288,100,113,34,11,32,67,16,43,12,19,32, , ,287,100,114,39,9,32,74,9,43,15,15,27, , , , , , , , , , , , , , , , ,14.3,24.4,25.3,39.1,9.1,17.4,15.3,22.6, , , , , , , , , , , , , , , , ,(CONTRACTS OF 100 METRIC TONNES),,,,,Combined
ICE Brent Crude Futures - ICE Futures Europe,180213,2/13/2018,,ICEU,1,B,2417217,571526,1317374,374625,51374,215780,584347,30519,254118,93317,238486,219223, , ,104281,90343,2396395,540914,1324738,382230,53242,223611,615118,33269,264874,97655,229440,219935, , ,52058,47286, , , , , , , , , , , , , , , , , , , , , , , , , , , , , , , , ,100,23.6,54.5,15.5,2.1,8.9,24.2,1.3,10.5,3.9,9.9,9.1, , ,4.3,3.7,100,22.6,55.3,16,2.2,9.3,25.7,1.4,11.1,4.1,9.6,9.2, , ,2.172346379,1.973213932, , , , , , , , , , , , , , , , ,446,110,144,46,22,54,104,30,68,34,37,62, , ,435,108,137,48,22,54,105,28,69,34,35,55, , , , , , , , , , , , , , , , ,15.6,19.4,27,30.2,14.7,15.2,23.1,22.1, , , , , , , , , , , , , , , , ,"(CONTRACTS OF 1,000 BARRELS)",,,,,FutOnly
ICE Brent Crude Futures and Options - ICE Futures Europe,180213,2/13/2018,,ICEU,1,B,2957875,680514,1433407,404907,57148,422615,579551,36616,303018,82116,234126,376427, , ,108727,94517,2888808,638113,1433590,409260,54865,421553,615311,40322,304752,88549,227479,355423, , ,55847,50825, , , , , , , , , , , , , , , , , , , , , , , , , , , , , , , , ,100,23,48.5,13.7,1.9,14.3,19.6,1.2,10.2,2.8,7.9,12.7, , ,3.7,3.2,100,22.1,49.6,14.2,1.9,14.6,21.3,1.4,10.5,3.1,7.9,12.3, , ,1.933214533,1.759375733, , , , , , , , , , , , , , , , ,446,114,145,45,24,60,104,34,71,35,40,63, , ,435,111,138,48,23,59,104,35,75,30,42,56, , , , , , , , , , , , , , , , ,15,17.3,24.9,27.4,11.7,12.6,19.2,18.2, , , , , , , , , , , , , , , , ,"(CONTRACTS OF 1,000 BARRELS)",,,,,Combined
ICE White Sugar Futures - ICE Futures Europe,180213,2/13/2018,,ICEU,2,W,85266,40385,43481,12147,3390,1325,14199,23936,5481,5112,1588,2165, , ,4452,3900,96067,48294,49991,13203,3384,1821,13776,26295,6611,4762,995,2424, , ,5176,4546, , , , , , , , , , , , , , , , , , , , , , , , , , , , , , , , ,100,47.4,51,14.2,4,1.6,16.7,28.1,6.4,6,1.9,2.5, , ,5.2,4.6,100,50.3,52,13.7,3.5,1.9,14.3,27.4,6.9,5,1,2.5, , ,5.387906357,4.732114045, , , , , , , , , , , , , , , , ,135,43,52,11,6,3,14,24,11,8,6,8, , ,142,50,50,13,5,5,15,24,10,11,6,12, , , , , , , , , , , , , , , , ,#VALUE!,#VALUE!,#VALUE!,#VALUE!,#VALUE!,#VALUE!,#VALUE!,#VALUE!, , , , , , , , , , , , , , , , ,(CONTRACTS OF 50 TONNES),,,,,FutOnly
ICE White Sugar Futures and Options- ICE Futures Europe,180213,2/13/2018,,ICEU,3,W,85566,40413,43767,12147,3264,1451,14199,23936,5481,5118,1462,2305, , ,4452,3900,96350,48320,50262,13203,3259,1946,13776,26295,6611,4845,958,2474, , ,5176,4546, , , , , , , , , , , , , , , , , , , , , , , , , , , , , , , , ,100,47.2,51.2,14.2,3.8,1.7,16.6,28,6.4,6,1.7,2.7, , ,5.2,4.6,100,50.2,52.2,13.7,3.4,2,14.3,27.3,6.9,5,1,2.6, , ,5.371689486,4.717823373, , , , , , , , , , , , , , , , ,135,43,52,11,6,3,14,24,11,9,5,9, , ,142,50,50,13,5,5,15,24,10,12,5,13, , , , , , , , , , , , , , , , ,#VALUE!,#VALUE!,#VALUE!,#VALUE!,#VALUE!,#VALUE!,#VALUE!,#VALUE!, , , , , , , , , , , , , , , , ,(CONTRACTS OF 50 TONNES),,,,,Combined
ICE Cocoa Futures - ICE Futures Europe,180213,2/13/2018,,ICEU,4,Cocoa,288338,189643,179523,27933,20552,8160,28303,55866,10960,12012,827,8266, , ,3061,4184,303375,192343,178274,28554,20102,8155,27892,62714,16664,13851,532,12516, , ,3400,4418, , , , , , , , , , , , , , , , , , , , , , , , , , , , , , , , ,100,65.8,62.3,9.7,7.1,2.8,9.8,19.4,3.8,4.2,0.3,2.9, , ,1.1,1.5,100,63.4,58.8,9.4,6.6,2.7,9.2,20.7,5.5,4.6,0.2,4.1, , ,1.120725175,1.456283478, , , , , , , , , , , , , , , , ,157,48,46,13,9,9,19,31,14,18,3,13, , ,160,51,45,14,8,10,21,30,15,18,2,16, , , , , , , , , , , , , , , , ,#VALUE!,#VALUE!,#VALUE!,#VALUE!,#VALUE!,#VALUE!,#VALUE!,#VALUE!, , , , , , , , , , , , , , , , ,(CONTRACTS OF 10 TONNES),,,,,FutOnly
ICE Cocoa Futures and Options - ICE Futures Europe,180213,2/13/2018,,ICEU,5,Cocoa,353046,222803,198699,22353,19027,21408,24678,54756,25416,4709,885,28494, , ,3187,4362,368199,225888,197083,23302,18864,20957,24314,61936,31513,6035,602,32665, , ,3526,4579, , , , , , , , , , , , , , , , , , , , , , , , , , , , , , , , ,100,63.1,56.3,6.3,5.4,6.1,7,15.5,7.2,1.3,0.3,8.1, , ,0.9,1.2,100,61.3,53.5,6.3,5.1,5.7,6.6,16.8,8.6,1.6,0.2,8.9, , ,0.957583592,1.243590566, , , , , , , , , , , , , , , , ,157,48,47,14,8,10,19,31,16,15,6,17, , ,160,51,46,15,7,10,21,30,17,15,5,18, , , , , , , , , , , , , , , , ,#VALUE!,#VALUE!,#VALUE!,#VALUE!,#VALUE!,#VALUE!,#VALUE!,#VALUE!, , , , , , , , , , , , , , , , ,(CONTRACTS OF 10 TONNES),,,,,Combined
ICE Robusta Coffee Futures - ICE Futures Europe,180213,2/13/2018,,ICEU,6,RC,116956,64616,59020,7893,3996,1375,16322,29250,8669,2956,1493,8517, , ,6608,4636,115133,63513,56511,8517,4918,1103,15755,29843,9013,4032,2002,7126, , ,6074,4617, , , , , , , , , , , , , , , , , , , , , , , , , , , , , , , , ,100,55.2,50.5,6.7,3.4,1.2,14,25,7.4,2.5,1.3,7.3, , ,5.6,4,100,55.2,49.1,7.4,4.3,1,13.7,25.9,7.8,3.5,1.7,6.2, , ,5.275637741,4.010144789, , , , , , , , , , , , , , , , ,151,51,49,12,6,7,18,28,17,13,6,16, , ,153,52,52,13,6,8,17,27,16,12,7,17, , , , , , , , , , , , , , , , ,#VALUE!,#VALUE!,#VALUE!,#VALUE!,#VALUE!,#VALUE!,#VALUE!,#VALUE!, , , , , , , , , , , , , , , , ,(CONTRACTS OF 10 TONNES),,,,,FutOnly
ICE Robusta Coffee Futures and Options - ICE Futures Europe,180213,2/13/2018,,ICEU,7,RC,144664,77080,71733,6647,3198,5358,16039,28128,11723,1918,468,19226, , ,6671,4829,142471,75912,69278,7272,3901,5205,15764,28780,11844,2301,709,17963, , ,6209,4790, , , , , , , , , , , , , , , , , , , , , , , , , , , , , , , , ,100,53.3,49.6,4.6,2.2,3.7,11.1,19.4,8.1,1.3,0.3,13.3, , ,4.6,3.3,100,53.3,48.6,5.1,2.7,3.7,11.1,20.2,8.3,1.6,0.5,12.6, , ,4.358051736,3.361961549, , , , , , , , , , , , , , , , ,151,52,50,11,7,9,19,29,18,10,9,17, , ,153,53,54,12,7,10,19,26,16,12,7,18, , , , , , , , , , , , , , , , ,#VALUE!,#VALUE!,#VALUE!,#VALUE!,#VALUE!,#VALUE!,#VALUE!,#VALUE!, , , , , , , , , , , , , , , , ,(CONTRACTS OF 10 TONNES),,,,,Combined
ICE Wheat Futures - ICE Futures Europe,180213,2/13/2018,,ICEU,8,Wheat,10259,9182,6311,0,2004,0,0,378,0,246,594,11, , ,820,961,10858,9687,6834,0,2004,0,0,373,0,200,568,20, , ,951,1059, , , , , , , , , , , , , , , , , , , , , , , , , , , , , , , , ,100,89.5,61.5,0,19.5,0,0,3.7,0,2.4,5.8,0.1, , ,8,9.4,100,89.2,62.9,0,18.5,0,0,3.4,0,1.8,5.2,0.2, , ,8.758519064,9.753177381, , , , , , , , , , , , , , , , ,29,18,14,0,2,0,0,1,0,1,1,1, , ,29,18,14,0,2,0,0,1,0,1,1,1, , , , , , , , , , , , , , , , ,#VALUE!,#VALUE!,#VALUE!,#VALUE!,#VALUE!,#VALUE!,#VALUE!,#VALUE!, , , , , , , , , , , , , , , , ,(CONTRACTS OF 100 TONNES),,,,,FutOnly
ICE Wheat Futures and Options - ICE Futures Europe,180213,2/13/2018,,ICEU,9,Wheat,10399,9241,6408,0,2004,0,0,378,0,246,589,16, , ,896,1004,10999,9755,6932,0,2004,0,0,373,0,200,563,25, , ,1020,1102, , , , , , , , , , , , , , , , , , , , , , , , , , , , , , , , ,100,88.9,61.6,0,19.3,0,0,3.6,0,2.4,5.7,0.2, , ,8.6,9.7,100,88.7,63,0,18.2,0,0,3.4,0,1.8,5.1,0.2, , ,9.270238094,10.02137778, , , , , , , , , , , , , , , , ,29,20,14,0,2,0,0,1,0,1,1,1, , ,29,20,14,0,2,0,0,1,0,1,1,1, , , , , , , , , , , , , , , , ,#VALUE!,#VALUE!,#VALUE!,#VALUE!,#VALUE!,#VALUE!,#VALUE!,#VALUE!, , , , , , , , , , , , , , , , ,(CONTRACTS OF 100 TONNES),,,,,Combined
ICE Gasoil Futures - ICE Futures Europe,180220,2/20/2018,,ICEU,1,G,971659,377402,535151,186165,54133,39247,144797,12840,123441,9866,118433,66858, , ,23883,21556,957445,346563,506902,178558,57411,43153,157338,12384,118262,10203,120459,70610, , ,32758,28264, , , , , , , , , , , , , , , , , , , , , , , , , , , , , , , , ,100,38.8,55.1,19.2,5.6,4,14.9,1.3,12.7,1,12.2,6.9, , ,2.5,2.2,100,36.2,52.9,18.6,6,4.5,16.4,1.3,12.4,1.1,12.6,7.4, , ,3.421397574,2.952023354, , , , , , , , , , , , , , , , ,286,99,113,35,13,33,70,15,47,11,15,26, , ,288,99,113,34,11,31,67,16,43,15,16,32, , , , , , , , , , , , , , , , ,15.6,25,26.7,40.3,8.9,17.1,15.1,22.7, , , , , , , , , , , , , , , , ,(CONTRACTS OF 100 METRIC TONNES),,,,,FutOnly
ICE Gasoil Futures and Options - ICE Futures Europe,180220,2/20/2018,,ICEU,1,G,987856,383184,540389,187482,54112,45311,144797,12840,123441,8231,118636,71354, , ,24055,21773,973034,352192,511976,179801,57497,49053,157338,12384,118262,8607,120583,74800, , ,32981,28479, , , , , , , , , , , , , , , , , , , , , , , , , , , , , , , , ,100,38.8,54.7,19,5.5,4.6,14.7,1.3,12.5,0.8,12,7.2, , ,2.4,2.2,100,36.2,52.6,18.5,5.9,5,16.2,1.3,12.2,0.9,12.4,7.7, , ,3.389527934,2.926819302, , , , , , , , , , , , , , , , ,286,99,113,35,13,34,70,15,47,9,17,26, , ,288,100,113,34,11,32,67,16,43,12,19,32, , , , , , , , , , , , , , , , ,15.4,24.6,26.7,39.9,8.8,16.8,15,22.4, , , , , , , , , , , , , , , , ,(CONTRACTS OF 100 METRIC TONNES),,,,,Combined
ICE Brent Crude Futures - ICE Futures Europe,180220,2/20/2018,,ICEU,1,B,2381992,613315,1336553,394224,53845,204840,557592,32552,227916,91995,242504,227129, , ,64981,56653,2417217,571526,1317374,374625,51374,215780,584347,30519,254118,93317,238486,219223, , ,104281,90343, , , , , , , , , , , , , , , , , , , , , , , , , , , , , , , , ,100,25.7,56.1,16.6,2.3,8.6,23.4,1.4,9.6,3.9,10.2,9.5, , ,2.7,2.4,100,23.6,54.5,15.5,2.1,8.9,24.2,1.3,10.5,3.9,9.9,9.1, , ,4.314093439,3.73747992, , , , , , , , , , , , , , , , ,436,114,137,46,20,52,102,29,71,34,36,61, , ,446,110,144,46,22,54,104,30,68,34,37,62, , , , , , , , , , , , , , , , ,15.5,19.9,27.1,31.2,14.4,14.5,23.6,21.5, , , , , , , , , , , , , , , , ,"(CONTRACTS OF 1,000 BARRELS)",,,,,FutOnly
ICE Brent Crude Futures and Options - ICE Futures Europe,180220,2/20/2018,,ICEU,1,B,2966568,721348,1465237,425262,54015,430147,565549,42254,277820,81031,238397,395365, , ,70046,63333,2957875,680514,1433407,404907,57148,422615,579551,36616,303018,82116,234126,376427, , ,108727,94517, , , , , , , , , , , , , , , , , , , , , , , , , , , , , , , , ,100,24.3,49.4,14.3,1.8,14.5,19.1,1.4,9.4,2.7,8,13.3, , ,2.4,2.1,100,23,48.5,13.7,1.9,14.3,19.6,1.2,10.2,2.8,7.9,12.7, , ,3.675838393,3.195432085, , , , , , , , , , , , , , , , ,436,115,139,45,22,58,101,33,74,32,41,62, , ,446,114,145,45,24,60,104,34,71,35,40,63, , , , , , , , , , , , , , , , ,14.9,17.8,24.7,28,11.5,12.2,19.3,17.9, , , , , , , , , , , , , , , , ,"(CONTRACTS OF 1,000 BARRELS)",,,,,Combined
ICE White Sugar Futures - ICE Futures Europe,180220,2/20/2018,,ICEU,2,W,89524,43243,46713,12753,3415,1267,14419,24170,6145,5313,2020,1793, , ,4591,4001,85266,40385,43481,12147,3390,1325,14199,23936,5481,5112,1588,2165, , ,4452,3900, , , , , , , , , , , , , , , , , , , , , , , , , , , , , , , , ,100,48.3,52.2,14.2,3.8,1.4,16.1,27,6.9,5.9,2.3,2, , ,5.1,4.5,100,47.4,51,14.2,4,1.6,16.7,28.1,6.4,6,1.9,2.5, , ,5.221307438,4.57392161, , , , , , , , , , , , , , , , ,138,44,53,11,6,2,16,24,10,8,7,8, , ,135,43,52,11,6,3,14,24,11,8,6,8, , , , , , , , , , , , , , , , ,#VALUE!,#VALUE!,#VALUE!,#VALUE!,#VALUE!,#VALUE!,#VALUE!,#VALUE!, , , , , , , , , , , , , , , , ,(CONTRACTS OF 50 TONNES),,,,,FutOnly
ICE White Sugar Futures and Options- ICE Futures Europe,180220,2/20/2018,,ICEU,3,W,90090,43273,47264,12753,3216,1466,14419,24170,6145,5322,1706,2122, , ,4591,4001,85566,40413,43767,12147,3264,1451,14199,23936,5481,5118,1462,2305, , ,4452,3900, , , , , , , , , , , , , , , , , , , , , , , , , , , , , , , , ,100,48,52.5,14.2,3.6,1.6,16,26.8,6.8,5.9,1.9,2.4, , ,5.1,4.4,100,47.2,51.2,14.2,3.8,1.7,16.6,28,6.4,6,1.7,2.7, , ,5.203053853,4.557937802, , , , , , , , , , , , , , , , ,138,44,53,11,6,2,16,24,10,9,6,9, , ,135,43,52,11,6,3,14,24,11,9,5,9, , , , , , , , , , , , , , , , ,#VALUE!,#VALUE!,#VALUE!,#VALUE!,#VALUE!,#VALUE!,#VALUE!,#VALUE!, , , , , , , , , , , , , , , , ,(CONTRACTS OF 50 TONNES),,,,,Combined
ICE Cocoa Futures - ICE Futures Europe,180220,2/20/2018,,ICEU,4,Cocoa,284151,185055,186995,29173,16602,8651,27731,49756,9090,12442,839,8657, , ,3352,3561,288338,189643,179523,27933,20552,8160,28303,55866,10960,12012,827,8266, , ,3061,4184, , , , , , , , , , , , , , , , , , , , , , , , , , , , , , , , ,100,65.1,65.8,10.3,5.8,3,9.8,17.5,3.2,4.4,0.3,3, , ,1.2,1.3,100,65.8,62.3,9.7,7.1,2.8,9.8,19.4,3.8,4.2,0.3,2.9, , ,1.061601315,1.45107478, , , , , , , , , , , , , , , , ,159,50,47,13,9,10,21,29,13,18,4,14, , ,157,48,46,13,9,9,19,31,14,18,3,13, , , , , , , , , , , , , , , , ,#VALUE!,#VALUE!,#VALUE!,#VALUE!,#VALUE!,#VALUE!,#VALUE!,#VALUE!, , , , , , , , , , , , , , , , ,(CONTRACTS OF 10 TONNES),,,,,FutOnly
ICE Cocoa Futures and Options - ICE Futures Europe,180220,2/20/2018,,ICEU,5,Cocoa,352582,221097,208483,23185,15530,22017,24010,48953,23328,5887,957,29574, , ,3484,3740,353046,222803,198699,22353,19027,21408,24678,54756,25416,4709,885,28494, , ,3187,4362, , , , , , , , , , , , , , , , , , , , , , , , , , , , , , , , ,100,62.7,59.1,6.6,4.4,6.2,6.8,13.9,6.6,1.7,0.3,8.4, , ,1,1.1,100,63.1,56.3,6.3,5.4,6.1,7,15.5,7.2,1.3,0.3,8.1, , ,0.902577159,1.235486037, , , , , , , , , , , , , , , , ,159,50,48,15,7,10,21,29,15,13,9,18, , ,157,48,47,14,8,10,19,31,16,15,6,17, , , , , , , , , , , , , , , , ,#VALUE!,#VALUE!,#VALUE!,#VALUE!,#VALUE!,#VALUE!,#VALUE!,#VALUE!, , , , , , , , , , , , , , , , ,(CONTRACTS OF 10 TONNES),,,,,Combined
ICE Robusta Coffee Futures - ICE Futures Europe,180220,2/20/2018,,ICEU,6,RC,118452,66737,60274,8584,3224,1890,14963,30065,8315,2932,790,9749, , ,5282,4145,116956,64616,59020,7893,3996,1375,16322,29250,8669,2956,1493,8517, , ,6608,4636, , , , , , , , , , , , , , , , , , , , , , , , , , , , , , , , ,100,56.3,50.9,7.2,2.7,1.6,12.6,25.4,7,2.5,0.7,8.2, , ,4.5,3.5,100,55.2,50.5,6.7,3.4,1.2,14,25,7.4,2.5,1.3,7.3, , ,5.64998803,3.963883854, , , , , , , , , , , , , , , , ,159,53,48,13,6,11,17,31,16,14,3,16, , ,151,51,49,12,6,7,18,28,17,13,6,16, , , , , , , , , , , , , , , , ,#VALUE!,#VALUE!,#VALUE!,#VALUE!,#VALUE!,#VALUE!,#VALUE!,#VALUE!, , , , , , , , , , , , , , , , ,(CONTRACTS OF 10 TONNES),,,,,FutOnly
ICE Robusta Coffee Futures and Options - ICE Futures Europe,180220,2/20/2018,,ICEU,7,RC,145452,79416,71712,7190,2417,5951,14658,29279,10898,1439,442,20461, , ,5438,4292,144664,77080,71733,6647,3198,5358,16039,28128,11723,1918,468,19226, , ,6671,4829, , , , , , , , , , , , , , , , , , , , , , , , , , , , , , , , ,100,54.6,49.3,4.9,1.7,4.1,10.1,20.1,7.5,1,0.3,14.1, , ,3.7,3,100,53.3,49.6,4.6,2.2,3.7,11.1,19.4,8.1,1.3,0.3,13.3, , ,4.611692344,3.338394198, , , , , , , , , , , , , , , , ,159,54,50,12,7,13,19,31,17,13,7,17, , ,151,52,50,11,7,9,19,29,18,10,9,17, , , , , , , , , , , , , , , , ,#VALUE!,#VALUE!,#VALUE!,#VALUE!,#VALUE!,#VALUE!,#VALUE!,#VALUE!, , , , , , , , , , , , , , , , ,(CONTRACTS OF 10 TONNES),,,,,Combined
ICE Wheat Futures - ICE Futures Europe,180220,2/20/2018,,ICEU,8,Wheat,10361,9081,6422,0,1969,0,0,368,0,250,459,214, , ,816,929,10259,9182,6311,0,2004,0,0,378,0,246,594,11, , ,820,961, , , , , , , , , , , , , , , , , , , , , , , , , , , , , , , , ,100,87.6,62,0,19,0,0,3.6,0,2.4,4.4,2.1, , ,7.9,9,100,89.5,61.5,0,19.5,0,0,3.7,0,2.4,5.8,0.1, , ,7.992981772,9.367384735, , , , , , , , , , , , , , , , ,29,18,13,0,2,0,0,1,0,1,1,1, , ,29,18,14,0,2,0,0,1,0,1,1,1, , , , , , , , , , , , , , , , ,#VALUE!,#VALUE!,#VALUE!,#VALUE!,#VALUE!,#VALUE!,#VALUE!,#VALUE!, , , , , , , , , , , , , , , , ,(CONTRACTS OF 100 TONNES),,,,,FutOnly
ICE Wheat Futures and Options - ICE Futures Europe,180220,2/20/2018,,ICEU,9,Wheat,10496,9141,6515,0,1969,0,0,368,0,250,455,218, , ,887,971,10399,9241,6408,0,2004,0,0,378,0,246,589,16, , ,896,1004, , , , , , , , , , , , , , , , , , , , , , , , , , , , , , , , ,100,87.1,62.1,0,18.8,0,0,3.5,0,2.4,4.3,2.1, , ,8.5,9.3,100,88.9,61.6,0,19.3,0,0,3.6,0,2.4,5.7,0.2, , ,8.616930061,9.651888547, , , , , , , , , , , , , , , , ,29,20,13,0,2,0,0,1,0,1,1,1, , ,29,20,14,0,2,0,0,1,0,1,1,1, , , , , , , , , , , , , , , , ,#VALUE!,#VALUE!,#VALUE!,#VALUE!,#VALUE!,#VALUE!,#VALUE!,#VALUE!, , , , , , , , , , , , , , , , ,(CONTRACTS OF 100 TONNES),,,,,Combined
ICE Gasoil Futures - ICE Futures Europe,180227,2/27/2018,,ICEU,1,G,1022584,386992,566096,187139,56235,50425,161998,9559,124959,9558,119502,73715, , ,27798,22093,971659,377402,535151,186165,54133,39247,144797,12840,123441,9866,118433,66858, , ,23883,21556, , , , , , , , , , , , , , , , , , , , , , , , , , , , , , , , ,100,37.8,55.4,18.3,5.5,4.9,15.8,0.9,12.2,0.9,11.7,7.2, , ,2.7,2.2,100,38.8,55.1,19.2,5.6,4,14.9,1.3,12.7,1,12.2,6.9, , ,2.457961075,2.218473765, , , , , , , , , , , , , , , , ,279,94,106,36,13,32,74,9,50,10,18,27, , ,286,99,113,35,13,33,70,15,47,11,15,26, , , , , , , , , , , , , , , , ,14.9,23.1,25.3,38.5,8.5,16.4,14.6,22, , , , , , , , , , , , , , , , ,(CONTRACTS OF 100 METRIC TONNES),,,,,FutOnly
ICE Gasoil Futures and Options - ICE Futures Europe,180227,2/27/2018,,ICEU,1,G,1039947,393372,571749,188571,56160,56747,161998,9559,124959,7803,119858,78583, , ,27913,22332,987856,383184,540389,187482,54112,45311,144797,12840,123441,8231,118636,71354, , ,24055,21773, , , , , , , , , , , , , , , , , , , , , , , , , , , , , , , , ,100,37.8,55,18.1,5.4,5.5,15.6,0.9,12,0.8,11.5,7.6, , ,2.7,2.1,100,38.8,54.7,19,5.5,4.6,14.7,1.3,12.5,0.8,12,7.2, , ,2.435070578,2.204028885, , , , , , , , , , , , , , , , ,279,94,106,36,13,34,74,9,50,9,19,27, , ,286,99,113,35,13,34,70,15,47,9,17,26, , , , , , , , , , , , , , , , ,14.9,22.7,25.3,38.1,8.4,16.1,14.4,21.7, , , , , , , , , , , , , , , , ,(CONTRACTS OF 100 METRIC TONNES),,,,,Combined
ICE Brent Crude Futures - ICE Futures Europe,180227,2/27/2018,,ICEU,1,B,2374174,607373,1329095,390724,58162,210743,571911,33803,222982,86536,248038,230547, , ,53358,40804,2381992,613315,1336553,394224,53845,204840,557592,32552,227916,91995,242504,227129, , ,64981,56653, , , , , , , , , , , , , , , , , , , , , , , , , , , , , , , , ,100,25.6,56,16.5,2.4,8.9,24.1,1.4,9.4,3.6,10.4,9.7, , ,2.2,1.7,100,25.7,56.1,16.6,2.3,8.6,23.4,1.4,9.6,3.9,10.2,9.5, , ,2.728010841,2.378387501, , , , , , , , , , , , , , , , ,443,110,142,47,24,58,106,25,68,29,37,58, , ,436,114,137,46,20,52,102,29,71,34,36,61, , , , , , , , , , , , , , , , ,15.9,19.8,27.7,31.3,14.5,14.5,24,21.7, , , , , , , , , , , , , , , , ,"(CONTRACTS OF 1,000 BARRELS)",,,,,FutOnly
ICE Brent Crude Futures and Options - ICE Futures Europe,180227,2/27/2018,,ICEU,1,B,2915307,700890,1459626,425794,58649,423573,585416,41044,265150,77816,244105,379179, , ,57489,43981,2966568,721348,1465237,425262,54015,430147,565549,42254,277820,81031,238397,395365, , ,70046,63333, , , , , , , , , , , , , , , , , , , , , , , , , , , , , , , , ,100,24,50.1,14.6,2,14.5,20.1,1.4,9.1,2.7,8.4,13, , ,2,1.5,100,24.3,49.4,14.3,1.8,14.5,19.1,1.4,9.4,2.7,8,13.3, , ,2.361169152,2.134890322, , , , , , , , , , , , , , , , ,443,113,144,45,26,61,108,29,74,27,42,60, , ,436,115,139,45,22,58,101,33,74,32,41,62, , , , , , , , , , , , , , , , ,15.5,18.1,25.6,28.5,12,12.8,19.9,18.8, , , , , , , , , , , , , , , , ,"(CONTRACTS OF 1,000 BARRELS)",,,,,Combined
ICE White Sugar Futures - ICE Futures Europe,180227,2/27/2018,,ICEU,2,W,94132,45529,49138,13563,3355,1243,14856,24154,6985,5075,2479,2103, , ,4778,4675,89524,43243,46713,12753,3415,1267,14419,24170,6145,5313,2020,1793, , ,4591,4001, , , , , , , , , , , , , , , , , , , , , , , , , , , , , , , , ,100,48.4,52.2,14.4,3.6,1.3,15.8,25.7,7.4,5.4,2.6,2.2, , ,5.1,5,100,48.3,52.2,14.2,3.8,1.4,16.1,27,6.9,5.9,2.3,2, , ,5.12823377,4.469192619, , , , , , , , , , , , , , , , ,141,45,54,11,6,2,16,26,10,8,7,7, , ,138,44,53,11,6,2,16,24,10,8,7,8, , , , , , , , , , , , , , , , ,#VALUE!,#VALUE!,#VALUE!,#VALUE!,#VALUE!,#VALUE!,#VALUE!,#VALUE!, , , , , , , , , , , , , , , , ,(CONTRACTS OF 50 TONNES),,,,,FutOnly
ICE White Sugar Futures and Options- ICE Futures Europe,180227,2/27/2018,,ICEU,3,W,94688,45561,49678,13563,3162,1436,14856,24154,6985,5095,2184,2414, , ,4778,4675,90090,43273,47264,12753,3216,1466,14419,24170,6145,5322,1706,2122, , ,4591,4001, , , , , , , , , , , , , , , , , , , , , , , , , , , , , , , , ,100,48.1,52.5,14.3,3.3,1.5,15.7,25.5,7.4,5.4,2.3,2.5, , ,5,4.9,100,48,52.5,14.2,3.6,1.6,16,26.8,6.8,5.9,1.9,2.4, , ,5.095937585,4.44103693, , , , , , , , , , , , , , , , ,141,45,54,11,6,2,16,26,10,9,6,8, , ,138,44,53,11,6,2,16,24,10,9,6,9, , , , , , , , , , , , , , , , ,#VALUE!,#VALUE!,#VALUE!,#VALUE!,#VALUE!,#VALUE!,#VALUE!,#VALUE!, , , , , , , , , , , , , , , , ,(CONTRACTS OF 50 TONNES),,,,,Combined
ICE Cocoa Futures - ICE Futures Europe,180227,2/27/2018,,ICEU,4,Cocoa,291542,187595,187832,30264,27350,8677,28577,42823,10089,11903,112,11112, , ,3325,3547,284151,185055,186995,29173,16602,8651,27731,49756,9090,12442,839,8657, , ,3352,3561, , , , , , , , , , , , , , , , , , , , , , , , , , , , , , , , ,100,64.3,64.4,10.4,9.4,3,9.8,14.7,3.5,4.1,0,3.8, , ,1.1,1.2,100,65.1,65.8,10.3,5.8,3,9.8,17.5,3.2,4.4,0.3,3, , ,1.179654479,1.253206922, , , , , , , , , , , , , , , , ,161,49,46,14,8,10,26,25,13,21,2,18, , ,159,50,47,13,9,10,21,29,13,18,4,14, , , , , , , , , , , , , , , , ,#VALUE!,#VALUE!,#VALUE!,#VALUE!,#VALUE!,#VALUE!,#VALUE!,#VALUE!, , , , , , , , , , , , , , , , ,(CONTRACTS OF 10 TONNES),,,,,FutOnly
ICE Cocoa Futures and Options - ICE Futures Europe,180227,2/27/2018,,ICEU,5,Cocoa,364381,224962,212022,24995,26778,21812,25686,42872,23858,6724,397,32904, , ,3440,3739,352582,221097,208483,23185,15530,22017,24010,48953,23328,5887,957,29574, , ,3484,3740, , , , , , , , , , , , , , , , , , , , , , , , , , , , , , , , ,100,61.7,58.2,6.9,7.3,6,7,11.8,6.5,1.8,0.1,9, , ,0.9,1,100,62.7,59.1,6.6,4.4,6.2,6.8,13.9,6.6,1.7,0.3,8.4, , ,0.98821815,1.06069889, , , , , , , , , , , , , , , , ,161,49,47,16,6,10,26,25,16,15,8,21, , ,159,50,48,15,7,10,21,29,15,13,9,18, , , , , , , , , , , , , , , , ,#VALUE!,#VALUE!,#VALUE!,#VALUE!,#VALUE!,#VALUE!,#VALUE!,#VALUE!, , , , , , , , , , , , , , , , ,(CONTRACTS OF 10 TONNES),,,,,Combined
ICE Robusta Coffee Futures - ICE Futures Europe,180227,2/27/2018,,ICEU,6,RC,116350,71478,59452,9850,1813,1272,13455,31556,6566,1363,4062,7002, , ,5364,4627,118452,66737,60274,8584,3224,1890,14963,30065,8315,2932,790,9749, , ,5282,4145, , , , , , , , , , , , , , , , , , , , , , , , , , , , , , , , ,100,61.4,51.1,8.5,1.6,1.1,11.6,27.1,5.6,1.2,3.5,6, , ,4.6,4,100,56.3,50.9,7.2,2.7,1.6,12.6,25.4,7,2.5,0.7,8.2, , ,4.459190221,3.499307736, , , , , , , , , , , , , , , , ,154,57,47,14,4,8,13,30,10,8,9,15, , ,159,53,48,13,6,11,17,31,16,14,3,16, , , , , , , , , , , , , , , , ,#VALUE!,#VALUE!,#VALUE!,#VALUE!,#VALUE!,#VALUE!,#VALUE!,#VALUE!, , , , , , , , , , , , , , , , ,(CONTRACTS OF 10 TONNES),,,,,FutOnly
ICE Robusta Coffee Futures and Options - ICE Futures Europe,180227,2/27/2018,,ICEU,7,RC,132655,76401,67284,8449,1848,4097,13596,30973,8183,1355,471,14771, , ,5802,5027,145452,79416,71712,7190,2417,5951,14658,29279,10898,1439,442,20461, , ,5438,4292, , , , , , , , , , , , , , , , , , , , , , , , , , , , , , , , ,100,57.6,50.7,6.4,1.4,3.1,10.2,23.3,6.2,1,0.4,11.1, , ,4.4,3.8,100,54.6,49.3,4.9,1.7,4.1,10.1,20.1,7.5,1,0.3,14.1, , ,3.738684891,2.950869377, , , , , , , , , , , , , , , , ,154,58,49,12,6,11,15,30,12,10,7,18, , ,159,54,50,12,7,13,19,31,17,13,7,17, , , , , , , , , , , , , , , , ,#VALUE!,#VALUE!,#VALUE!,#VALUE!,#VALUE!,#VALUE!,#VALUE!,#VALUE!, , , , , , , , , , , , , , , , ,(CONTRACTS OF 10 TONNES),,,,,Combined
ICE Wheat Futures - ICE Futures Europe,180227,2/27/2018,,ICEU,8,Wheat,10068,8619,6108,0,1969,0,0,350,0,250,409,234, , ,965,998,10361,9081,6422,0,1969,0,0,368,0,250,459,214, , ,816,929, , , , , , , , , , , , , , , , , , , , , , , , , , , , , , , , ,100,85.6,60.7,0,19.6,0,0,3.5,0,2.5,4.1,2.3, , ,9.6,9.9,100,87.6,62,0,19,0,0,3.6,0,2.4,4.4,2.1, , ,7.875687675,8.966315993, , , , , , , , , , , , , , , , ,29,18,12,0,2,0,0,1,0,1,1,1, , ,29,18,13,0,2,0,0,1,0,1,1,1, , , , , , , , , , , , , , , , ,#VALUE!,#VALUE!,#VALUE!,#VALUE!,#VALUE!,#VALUE!,#VALUE!,#VALUE!, , , , , , , , , , , , , , , , ,(CONTRACTS OF 100 TONNES),,,,,FutOnly
ICE Wheat Futures and Options - ICE Futures Europe,180227,2/27/2018,,ICEU,9,Wheat,10206,8680,6203,0,1969,0,0,350,0,250,404,239, , ,1037,1041,10496,9141,6515,0,1969,0,0,368,0,250,455,218, , ,887,971, , , , , , , , , , , , , , , , , , , , , , , , , , , , , , , , ,100,85.1,60.8,0,19.3,0,0,3.4,0,2.4,4,2.3, , ,10.2,10.2,100,87.1,62.1,0,18.8,0,0,3.5,0,2.4,4.3,2.1, , ,8.453552534,9.255879078, , , , , , , , , , , , , , , , ,29,20,13,0,2,0,0,1,0,1,1,1, , ,29,20,13,0,2,0,0,1,0,1,1,1, , , , , , , , , , , , , , , , ,#VALUE!,#VALUE!,#VALUE!,#VALUE!,#VALUE!,#VALUE!,#VALUE!,#VALUE!, , , , , , , , , , , , , , , , ,(CONTRACTS OF 100 TONNES),,,,,Combined
ICE Gasoil Futures - ICE Futures Europe,180306,03/06/2018,,ICEU,1,G,1023599,437610,599522,187756,55591,44123,146189,11008,103152,9360,125147,63732, , ,31677,21324,1022584,386992,566096,187139,56235,50425,161998,9559,124959,9558,119502,73715, , ,27798,22093, , , , , , , , , , , , , , , , , , , , , , , , , , , , , , , , ,100,42.8,58.6,18.3,5.4,4.3,14.3,1.1,10.1,0.9,12.2,6.2, , ,3.1,2.1,100,37.8,55.4,18.3,5.5,4.9,15.8,0.9,12.2,0.9,11.7,7.2, , ,2.718407485,2.160507107, , , , , , , , , , , , , , , , ,272,97,115,35,8,29,64,11,46,11,15,27, , ,279,94,106,36,13,32,74,9,50,10,18,27, , , , , , , , , , , , , , , , ,17.3,25.5,29.1,42.1,8.7,16.7,14.6,22, , , , , , , , , , , , , , , , ,(CONTRACTS OF 100 METRIC TONNES),,,,,FutOnly
ICE Gasoil Futures and Options - ICE Futures Europe,180306,03/06/2018,,ICEU,1,G,1034983,441775,603223,188482,56037,48261,146189,11008,103152,8870,125155,66451, , ,31803,21695,1039947,393372,571749,188571,56160,56747,161998,9559,124959,7803,119858,78583, , ,27913,22332, , , , , , , , , , , , , , , , , , , , , , , , , , , , , , , , ,100,42.7,58.3,18.2,5.4,4.7,14.1,1.1,10,0.9,12.1,6.4, , ,3.1,2.1,100,37.8,55,18.1,5.4,5.5,15.6,0.9,12,0.8,11.5,7.6, , ,2.684103882,2.147396214, , , , , , , , , , , , , , , , ,272,97,115,35,8,30,64,11,46,11,15,27, , ,279,94,106,36,13,34,74,9,50,9,19,27, , , , , , , , , , , , , , , , ,17.1,25.2,29,41.8,8.5,16.5,14.5,21.8, , , , , , , , , , , , , , , , ,(CONTRACTS OF 100 METRIC TONNES),,,,,Combined
ICE Brent Crude Futures - ICE Futures Europe,180306,03/06/2018,,ICEU,1,B,2292846,569525,1269791,389252,58512,203522,571550,40007,220435,82221,251668,208735, , ,47606,40176,2374174,607373,1329095,390724,58162,210743,571911,33803,222982,86536,248038,230547, , ,53358,40804, , , , , , , , , , , , , , , , , , , , , , , , , , , , , , , , ,100,24.8,55.4,17,2.6,8.9,24.9,1.7,9.6,3.6,11,9.1, , ,2.1,1.8,100,25.6,56,16.5,2.4,8.9,24.1,1.4,9.4,3.6,10.4,9.7, , ,2.247434266,1.71866089, , , , , , , , , , , , , , , , ,433,111,140,48,21,57,105,25,69,30,34,57, , ,443,110,142,47,24,58,106,25,68,29,37,58, , , , , , , , , , , , , , , , ,16.5,18.9,28.9,30.7,15.5,14.7,25.2,22.1, , , , , , , , , , , , , , , , ,"(CONTRACTS OF 1,000 BARRELS)",,,,,FutOnly
ICE Brent Crude Futures and Options - ICE Futures Europe,180306,03/06/2018,,ICEU,1,B,2846568,666047,1405399,420963,55989,422672,587077,47293,262025,73957,247732,361852, , ,51975,43607,2915307,700890,1459626,425794,58649,423573,585416,41044,265150,77816,244105,379179, , ,57489,43981, , , , , , , , , , , , , , , , , , , , , , , , , , , , , , , , ,100,23.4,49.4,14.8,2,14.8,20.6,1.7,9.2,2.6,8.7,12.7, , ,1.8,1.5,100,24,50.1,14.6,2,14.5,20.1,1.4,9.1,2.7,8.4,13, , ,1.971967606,1.508630098, , , , , , , , , , , , , , , , ,433,115,142,47,22,61,103,31,72,27,40,59, , ,443,113,144,45,26,61,108,29,74,27,42,60, , , , , , , , , , , , , , , , ,15.9,17.3,26.4,27.8,12.4,13,20.6,18.9, , , , , , , , , , , , , , , , ,"(CONTRACTS OF 1,000 BARRELS)",,,,,Combined
ICE White Sugar Futures - ICE Futures Europe,180306,03/06/2018,,ICEU,2,W,97648,45422,57829,14916,3155,1357,17314,20340,7182,5099,2005,1761, , ,4597,4019,94132,45529,49138,13563,3355,1243,14856,24154,6985,5075,2479,2103, , ,4778,4675, , , , , , , , , , , , , , , , , , , , , , , , , , , , , , , , ,100,46.5,59.2,15.3,3.2,1.4,17.7,20.8,7.4,5.2,2.1,1.8, , ,4.7,4.1,100,48.4,52.2,14.4,3.6,1.3,15.8,25.7,7.4,5.4,2.6,2.2, , ,5.075850933,4.966430119, , , , , , , , , , , , , , , , ,144,49,59,12,6,2,18,22,12,9,7,7, , ,141,45,54,11,6,2,16,26,10,8,7,7, , , , , , , , , , , , , , , , ,#VALUE!,#VALUE!,#VALUE!,#VALUE!,#VALUE!,#VALUE!,#VALUE!,#VALUE!, , , , , , , , , , , , , , , , ,(CONTRACTS OF 50 TONNES),,,,,FutOnly
ICE White Sugar Futures and Options- ICE Futures Europe,180306,03/06/2018,,ICEU,3,W,98214,45450,58381,14916,2956,1556,17314,20340,7182,5138,1719,2061, , ,4597,4019,94688,45561,49678,13563,3162,1436,14856,24154,6985,5095,2184,2414, , ,4778,4675, , , , , , , , , , , , , , , , , , , , , , , , , , , , , , , , ,100,46.3,59.4,15.2,3,1.6,17.6,20.7,7.3,5.2,1.8,2.1, , ,4.7,4.1,100,48.1,52.5,14.3,3.3,1.5,15.7,25.5,7.4,5.4,2.3,2.5, , ,5.045909967,4.937131664, , , , , , , , , , , , , , , , ,144,49,59,12,6,2,18,22,12,11,5,8, , ,141,45,54,11,6,2,16,26,10,9,6,8, , , , , , , , , , , , , , , , ,#VALUE!,#VALUE!,#VALUE!,#VALUE!,#VALUE!,#VALUE!,#VALUE!,#VALUE!, , , , , , , , , , , , , , , , ,(CONTRACTS OF 50 TONNES),,,,,Combined
ICE Cocoa Futures - ICE Futures Europe,180306,03/06/2018,,ICEU,4,Cocoa,280326,175800,182815,29807,27512,7048,33089,33707,13575,6234,1508,10759, , ,4014,3402,291542,187595,187832,30264,27350,8677,28577,42823,10089,11903,112,11112, , ,3325,3547, , , , , , , , , , , , , , , , , , , , , , , , , , , , , , , , ,100,62.7,65.2,10.6,9.8,2.5,11.8,12,4.8,2.2,0.5,3.8, , ,1.4,1.2,100,64.3,64.4,10.4,9.4,3,9.8,14.7,3.5,4.1,0,3.8, , ,1.140487477,1.21663431, , , , , , , , , , , , , , , , ,151,54,46,15,6,10,27,19,15,14,6,15, , ,161,49,46,14,8,10,26,25,13,21,2,18, , , , , , , , , , , , , , , , ,#VALUE!,#VALUE!,#VALUE!,#VALUE!,#VALUE!,#VALUE!,#VALUE!,#VALUE!, , , , , , , , , , , , , , , , ,(CONTRACTS OF 10 TONNES),,,,,FutOnly
ICE Cocoa Futures and Options - ICE Futures Europe,180306,03/06/2018,,ICEU,5,Cocoa,351650,203557,206937,24948,27263,21149,33040,34274,27507,6655,401,30711, , ,4083,3407,364381,224962,212022,24995,26778,21812,25686,42872,23858,6724,397,32904, , ,3440,3739, , , , , , , , , , , , , , , , , , , , , , , , , , , , , , , , ,100,57.9,58.8,7.1,7.8,6,9.4,9.7,7.8,1.9,0.1,8.7, , ,1.2,1,100,61.7,58.2,6.9,7.3,6,7,11.8,6.5,1.8,0.1,9, , ,0.944070897,1.026124856, , , , , , , , , , , , , , , , ,151,54,48,15,6,10,28,18,16,11,9,16, , ,161,49,47,16,6,10,26,25,16,15,8,21, , , , , , , , , , , , , , , , ,#VALUE!,#VALUE!,#VALUE!,#VALUE!,#VALUE!,#VALUE!,#VALUE!,#VALUE!, , , , , , , , , , , , , , , , ,(CONTRACTS OF 10 TONNES),,,,,Combined
ICE Robusta Coffee Futures - ICE Futures Europe,180306,03/06/2018,,ICEU,6,RC,113586,65929,60061,9913,1860,1146,14489,27592,6758,1055,2876,9166, , ,5130,4127,116350,71478,59452,9850,1813,1272,13455,31556,6566,1363,4062,7002, , ,5364,4627, , , , , , , , , , , , , , , , , , , , , , , , , , , , , , , , ,100,58,52.9,8.7,1.6,1,12.8,24.3,5.9,0.9,2.5,8.1, , ,4.5,3.6,100,61.4,51.1,8.5,1.6,1.1,11.6,27.1,5.6,1.2,3.5,6, , ,4.610227761,3.976794156, , , , , , , , , , , , , , , , ,154,57,48,14,4,8,16,26,12,8,8,17, , ,154,57,47,14,4,8,13,30,10,8,9,15, , , , , , , , , , , , , , , , ,#VALUE!,#VALUE!,#VALUE!,#VALUE!,#VALUE!,#VALUE!,#VALUE!,#VALUE!, , , , , , , , , , , , , , , , ,(CONTRACTS OF 10 TONNES),,,,,FutOnly
ICE Robusta Coffee Futures and Options - ICE Futures Europe,180306,03/06/2018,,ICEU,7,RC,132218,73915,68630,7752,1825,4593,14705,27265,8294,1147,827,16631, , ,5180,4152,132655,76401,67284,8449,1848,4097,13596,30973,8183,1355,471,14771, , ,5802,5027, , , , , , , , , , , , , , , , , , , , , , , , , , , , , , , , ,100,55.9,51.9,5.9,1.4,3.5,11.1,20.6,6.3,0.9,0.6,12.6, , ,3.9,3.1,100,57.6,50.7,6.4,1.4,3.1,10.2,23.3,6.2,1,0.4,11.1, , ,4.373616572,3.789859154, , , , , , , , , , , , , , , , ,154,59,50,12,6,12,19,24,14,10,6,18, , ,154,58,49,12,6,11,15,30,12,10,7,18, , , , , , , , , , , , , , , , ,#VALUE!,#VALUE!,#VALUE!,#VALUE!,#VALUE!,#VALUE!,#VALUE!,#VALUE!, , , , , , , , , , , , , , , , ,(CONTRACTS OF 10 TONNES),,,,,Combined
ICE Wheat Futures - ICE Futures Europe,180306,03/06/2018,,ICEU,8,Wheat,10123,8573,6347,0,1969,0,0,170,0,260,376,285, , ,1005,976,10068,8619,6108,0,1969,0,0,350,0,250,409,234, , ,965,998, , , , , , , , , , , , , , , , , , , , , , , , , , , , , , , , ,100,84.7,62.7,0,19.5,0,0,1.7,0,2.6,3.7,2.8, , ,9.9,9.6,100,85.6,60.7,0,19.6,0,0,3.5,0,2.5,4.1,2.3, , ,9.584823202,9.912594358, , , , , , , , , , , , , , , , ,27,17,11,0,2,0,0,1,0,1,1,1, , ,29,18,12,0,2,0,0,1,0,1,1,1, , , , , , , , , , , , , , , , ,#VALUE!,#VALUE!,#VALUE!,#VALUE!,#VALUE!,#VALUE!,#VALUE!,#VALUE!, , , , , , , , , , , , , , , , ,(CONTRACTS OF 100 TONNES),,,,,FutOnly
ICE Wheat Futures and Options - ICE Futures Europe,180306,03/06/2018,,ICEU,9,Wheat,10307,8625,6408,0,1969,0,0,170,0,260,366,295, , ,1126,1099,10206,8680,6203,0,1969,0,0,350,0,250,404,239, , ,1037,1041, , , , , , , , , , , , , , , , , , , , , , , , , , , , , , , , ,100,83.7,62.2,0,19.1,0,0,1.6,0,2.5,3.5,2.9, , ,10.9,10.7,100,85.1,60.8,0,19.3,0,0,3.4,0,2.4,4,2.3, , ,10.1612414,10.19601139, , , , , , , , , , , , , , , , ,27,18,12,0,2,0,0,1,0,1,1,1, , ,29,20,13,0,2,0,0,1,0,1,1,1, , , , , , , , , , , , , , , , ,#VALUE!,#VALUE!,#VALUE!,#VALUE!,#VALUE!,#VALUE!,#VALUE!,#VALUE!, , , , , , , , , , , , , , , , ,(CONTRACTS OF 100 TONNES),,,,,Combined
ICE Gasoil Futures - ICE Futures Europe,180313,3/13/2018,,ICEU,1,G,979179,402022,573534,186088,52683,39510,150064,9799,93522,11045,124992,67386, , ,29542,17753,1023599,437610,599522,187756,55591,44123,146189,11008,103152,9360,125147,63732, , ,31677,21324, , , , , , , , , , , , , , , , , , , , , , , , , , , , , , , , ,100,41.1,58.6,19,5.4,4,15.3,1,9.6,1.1,12.8,6.9, , ,3,1.8,100,42.8,58.6,18.3,5.4,4.3,14.3,1.1,10.1,0.9,12.2,6.2, , ,3.094668908,2.083237674, , , , , , , , , , , , , , , , ,285,95,119,39,7,28,66,12,42,14,17,30, , ,272,97,115,35,8,29,64,11,46,11,15,27, , , , , , , , , , , , , , , , ,17.5,26.1,29.5,43.4,8.7,16.9,15,22.3, , , , , , , , , , , , , , , , ,(CONTRACTS OF 100 METRIC TONNES),,,,,FutOnly
ICE Gasoil Futures and Options - ICE Futures Europe,180313,3/13/2018,,ICEU,1,G,990650,406131,577318,186984,53167,43619,150064,9799,93522,10541,125100,70175, , ,29614,17949,1034983,441775,603223,188482,56037,48261,146189,11008,103152,8870,125155,66451, , ,31803,21695, , , , , , , , , , , , , , , , , , , , , , , , , , , , , , , , ,100,41,58.3,18.9,5.4,4.4,15.1,1,9.4,1.1,12.6,7.1, , ,3,1.8,100,42.7,58.3,18.2,5.4,4.7,14.1,1.1,10,0.9,12.1,6.4, , ,3.072851012,2.096211194, , , , , , , , , , , , , , , , ,285,95,119,39,7,29,66,12,42,14,17,30, , ,272,97,115,35,8,30,64,11,46,11,15,27, , , , , , , , , , , , , , , , ,17.3,25.8,29.5,43.1,8.6,16.7,14.8,22.1, , , , , , , , , , , , , , , , ,(CONTRACTS OF 100 METRIC TONNES),,,,,Combined
ICE Brent Crude Futures - ICE Futures Europe,180313,3/13/2018,,ICEU,1,B,2332532,623650,1311119,375641,62809,203541,574363,34233,221982,81702,253767,203391, , ,48262,41690,2292846,569525,1269791,389252,58512,203522,571550,40007,220435,82221,251668,208735, , ,47606,40176, , , , , , , , , , , , , , , , , , , , , , , , , , , , , , , , ,100,26.7,56.2,16.1,2.7,8.7,24.6,1.5,9.5,3.5,10.9,8.7, , ,2.1,1.8,100,24.8,55.4,17,2.6,8.9,24.9,1.7,9.6,3.6,11,9.1, , ,2.076284234,1.752232815, , , , , , , , , , , , , , , , ,444,118,146,47,21,56,106,26,67,28,37,56, , ,433,111,140,48,21,57,105,25,69,30,34,57, , , , , , , , , , , , , , , , ,16,18.5,27.8,30.4,15.1,14,24.3,21, , , , , , , , , , , , , , , , ,"(CONTRACTS OF 1,000 BARRELS)",,,,,FutOnly
ICE Brent Crude Futures and Options - ICE Futures Europe,180313,3/13/2018,,ICEU,1,B,2880815,721826,1446384,412385,58963,418985,581340,40962,265153,74370,250962,354092, , ,52664,45314,2846568,666047,1405399,420963,55989,422672,587077,47293,262025,73957,247732,361852, , ,51975,43607, , , , , , , , , , , , , , , , , , , , , , , , , , , , , , , , ,100,25.1,50.2,14.3,2,14.5,20.2,1.4,9.2,2.6,8.7,12.3, , ,1.8,1.6,100,23.4,49.4,14.8,2,14.8,20.6,1.7,9.2,2.6,8.7,12.7, , ,1.825878965,1.531921841, , , , , , , , , , , , , , , , ,444,121,147,47,21,59,107,29,70,27,41,58, , ,433,115,142,47,22,61,103,31,72,27,40,59, , , , , , , , , , , , , , , , ,15.3,17.1,25.5,27.8,12.1,12.3,20.1,18, , , , , , , , , , , , , , , , ,"(CONTRACTS OF 1,000 BARRELS)",,,,,Combined
ICE White Sugar Futures - ICE Futures Europe,180313,3/13/2018,,ICEU,2,W,101263,45307,61205,16804,3310,1462,17972,19461,8130,5152,1488,1721, , ,4715,4486,97648,45422,57829,14916,3155,1357,17314,20340,7182,5099,2005,1761, , ,4597,4019, , , , , , , , , , , , , , , , , , , , , , , , , , , , , , , , ,100,44.7,60.4,16.6,3.3,1.4,17.7,19.2,8,5.1,1.5,1.7, , ,4.7,4.4,100,46.5,59.2,15.3,3.2,1.4,17.7,20.8,7.4,5.2,2.1,1.8, , ,4.707725709,4.115803703, , , , , , , , , , , , , , , , ,144,48,61,12,6,3,18,20,12,8,8,7, , ,144,49,59,12,6,2,18,22,12,9,7,7, , , , , , , , , , , , , , , , ,#VALUE!,#VALUE!,#VALUE!,#VALUE!,#VALUE!,#VALUE!,#VALUE!,#VALUE!, , , , , , , , , , , , , , , , ,(CONTRACTS OF 50 TONNES),,,,,FutOnly
ICE White Sugar Futures and Options- ICE Futures Europe,180313,3/13/2018,,ICEU,3,W,101810,45340,61736,16804,3121,1651,17972,19461,8130,5394,1421,1804, , ,4715,4486,98214,45450,58381,14916,2956,1556,17314,20340,7182,5138,1719,2061, , ,4597,4019, , , , , , , , , , , , , , , , , , , , , , , , , , , , , , , , ,100,44.5,60.6,16.5,3.1,1.6,17.7,19.1,8,5.3,1.4,1.8, , ,4.6,4.4,100,46.3,59.4,15.2,3,1.6,17.6,20.7,7.3,5.2,1.8,2.1, , ,4.680096269,4.091585466, , , , , , , , , , , , , , , , ,144,48,61,12,6,3,18,20,12,10,6,8, , ,144,49,59,12,6,2,18,22,12,11,5,8, , , , , , , , , , , , , , , , ,#VALUE!,#VALUE!,#VALUE!,#VALUE!,#VALUE!,#VALUE!,#VALUE!,#VALUE!, , , , , , , , , , , , , , , , ,(CONTRACTS OF 50 TONNES),,,,,Combined
ICE Cocoa Futures - ICE Futures Europe,180313,3/13/2018,,ICEU,4,Cocoa,260700,147916,177565,31885,23255,6838,38586,21215,13787,6018,4365,11028, , ,4642,2647,280326,175800,182815,29807,27512,7048,33089,33707,13575,6234,1508,10759, , ,4014,3402, , , , , , , , , , , , , , , , , , , , , , , , , , , , , , , , ,100,56.7,68.1,12.2,8.9,2.6,14.8,8.1,5.3,2.3,1.7,4.2, , ,1.8,1,100,62.7,65.2,10.6,9.8,2.5,11.8,12,4.8,2.2,0.5,3.8, , ,1.431904283,1.213587038, , , , , , , , , , , , , , , , ,156,54,47,16,6,10,31,14,13,14,8,20, , ,151,54,46,15,6,10,27,19,15,14,6,15, , , , , , , , , , , , , , , , ,#VALUE!,#VALUE!,#VALUE!,#VALUE!,#VALUE!,#VALUE!,#VALUE!,#VALUE!, , , , , , , , , , , , , , , , ,(CONTRACTS OF 10 TONNES),,,,,FutOnly
ICE Cocoa Futures and Options - ICE Futures Europe,180313,3/13/2018,,ICEU,5,Cocoa,338798,177232,205175,25749,23076,23019,38919,21908,27353,6483,340,35322, , ,4722,2605,351650,203557,206937,24948,27263,21149,33040,34274,27507,6655,401,30711, , ,4083,3407, , , , , , , , , , , , , , , , , , , , , , , , , , , , , , , , ,100,52.3,60.6,7.6,6.8,6.8,11.5,6.5,8.1,1.9,0.1,10.4, , ,1.4,0.8,100,57.9,58.8,7.1,7.8,6,9.4,9.7,7.8,1.9,0.1,8.7, , ,1.161082193,0.968998884, , , , , , , , , , , , , , , , ,156,55,48,16,6,10,31,14,14,14,8,21, , ,151,54,48,15,6,10,28,18,16,11,9,16, , , , , , , , , , , , , , , , ,#VALUE!,#VALUE!,#VALUE!,#VALUE!,#VALUE!,#VALUE!,#VALUE!,#VALUE!, , , , , , , , , , , , , , , , ,(CONTRACTS OF 10 TONNES),,,,,Combined
ICE Robusta Coffee Futures - ICE Futures Europe,180313,3/13/2018,,ICEU,6,RC,117281,68587,63479,9792,1928,1180,15096,27372,6425,1226,3203,9783, , ,5192,3911,113586,65929,60061,9913,1860,1146,14489,27592,6758,1055,2876,9166, , ,5130,4127, , , , , , , , , , , , , , , , , , , , , , , , , , , , , , , , ,100,58.5,54.1,8.3,1.6,1,12.9,23.3,5.5,1,2.7,8.3, , ,4.4,3.3,100,58,52.9,8.7,1.6,1,12.8,24.3,5.9,0.9,2.5,8.1, , ,4.516401669,3.63337031, , , , , , , , , , , , , , , , ,158,57,49,14,4,9,16,27,13,9,10,18, , ,154,57,48,14,4,8,16,26,12,8,8,17, , , , , , , , , , , , , , , , ,#VALUE!,#VALUE!,#VALUE!,#VALUE!,#VALUE!,#VALUE!,#VALUE!,#VALUE!, , , , , , , , , , , , , , , , ,(CONTRACTS OF 10 TONNES),,,,,FutOnly
ICE Robusta Coffee Futures and Options - ICE Futures Europe,180313,3/13/2018,,ICEU,7,RC,136226,76820,72496,7775,1828,4410,15103,26930,8071,1421,1172,17341, , ,5286,3979,132218,73915,68630,7752,1825,4593,14705,27265,8294,1147,827,16631, , ,5180,4152, , , , , , , , , , , , , , , , , , , , , , , , , , , , , , , , ,100,56.4,53.2,5.7,1.3,3.2,11.1,19.8,5.9,1,0.9,12.7, , ,3.9,2.9,100,55.9,51.9,5.9,1.4,3.5,11.1,20.6,6.3,0.9,0.6,12.6, , ,3.917442073,3.140491245, , , , , , , , , , , , , , , , ,158,59,51,13,5,12,18,27,15,13,6,19, , ,154,59,50,12,6,12,19,24,14,10,6,18, , , , , , , , , , , , , , , , ,#VALUE!,#VALUE!,#VALUE!,#VALUE!,#VALUE!,#VALUE!,#VALUE!,#VALUE!, , , , , , , , , , , , , , , , ,(CONTRACTS OF 10 TONNES),,,,,Combined
ICE Wheat Futures - ICE Futures Europe,180313,3/13/2018,,ICEU,8,Wheat,9104,7146,5328,178,1970,0,200,0,0,260,411,368, , ,952,1027,10123,8573,6347,0,1969,0,0,170,0,260,376,285, , ,1005,976, , , , , , , , , , , , , , , , , , , , , , , , , , , , , , , , ,100,78.5,58.5,2,21.6,0,2.2,0,0,2.9,4.5,4, , ,10.5,11.3,100,84.7,62.7,0,19.5,0,0,1.7,0,2.6,3.7,2.8, , ,9.92788699,9.641410649, , , , , , , , , , , , , , , , ,27,16,12,1,2,0,1,0,0,1,1,2, , ,27,17,11,0,2,0,0,1,0,1,1,1, , , , , , , , , , , , , , , , ,#VALUE!,#VALUE!,#VALUE!,#VALUE!,#VALUE!,#VALUE!,#VALUE!,#VALUE!, , , , , , , , , , , , , , , , ,(CONTRACTS OF 100 TONNES),,,,,FutOnly
ICE Wheat Futures and Options - ICE Futures Europe,180313,3/13/2018,,ICEU,9,Wheat,9287,7196,5389,178,1970,0,200,0,0,260,400,379, , ,1073,1149,10307,8625,6408,0,1969,0,0,170,0,260,366,295, , ,1126,1099, , , , , , , , , , , , , , , , , , , , , , , , , , , , , , , , ,100,77.5,58,1.9,21.2,0,2.2,0,0,2.8,4.3,4.1, , ,11.6,12.4,100,83.7,62.2,0,19.1,0,0,1.6,0,2.5,3.5,2.9, , ,10.92772013,10.6618219, , , , , , , , , , , , , , , , ,27,17,12,1,2,0,1,0,0,1,1,2, , ,27,18,12,0,2,0,0,1,0,1,1,1, , , , , , , , , , , , , , , , ,#VALUE!,#VALUE!,#VALUE!,#VALUE!,#VALUE!,#VALUE!,#VALUE!,#VALUE!, , , , , , , , , , , , , , , , ,(CONTRACTS OF 100 TONNES),,,,,Combined
